-- phpMyAdmin SQL Dump
-- version 4.8.2
-- https://www.phpmyadmin.net/
--
-- Host: 127.0.0.1
-- Generation Time: Jul 18, 2018 at 11:22 PM
-- Server version: 10.1.34-MariaDB
-- PHP Version: 7.2.7

SET SQL_MODE = "NO_AUTO_VALUE_ON_ZERO";
SET AUTOCOMMIT = 0;
START TRANSACTION;
SET time_zone = "+00:00";


/*!40101 SET @OLD_CHARACTER_SET_CLIENT=@@CHARACTER_SET_CLIENT */;
/*!40101 SET @OLD_CHARACTER_SET_RESULTS=@@CHARACTER_SET_RESULTS */;
/*!40101 SET @OLD_COLLATION_CONNECTION=@@COLLATION_CONNECTION */;
/*!40101 SET NAMES utf8mb4 */;

--
-- Database: `eapi`
--

-- --------------------------------------------------------

--
-- Table structure for table `migrations`
--

CREATE TABLE `migrations` (
  `id` int(10) UNSIGNED NOT NULL,
  `migration` varchar(191) COLLATE utf8mb4_unicode_ci NOT NULL,
  `batch` int(11) NOT NULL
) ENGINE=InnoDB DEFAULT CHARSET=utf8mb4 COLLATE=utf8mb4_unicode_ci;

--
-- Dumping data for table `migrations`
--

INSERT INTO `migrations` (`id`, `migration`, `batch`) VALUES
(1, '2014_10_12_000000_create_users_table', 1),
(2, '2014_10_12_100000_create_password_resets_table', 1),
(3, '2018_07_18_151400_create_products_table', 1),
(4, '2018_07_18_151418_create_reviews_table', 1);

-- --------------------------------------------------------

--
-- Table structure for table `password_resets`
--

CREATE TABLE `password_resets` (
  `email` varchar(191) COLLATE utf8mb4_unicode_ci NOT NULL,
  `token` varchar(191) COLLATE utf8mb4_unicode_ci NOT NULL,
  `created_at` timestamp NULL DEFAULT NULL
) ENGINE=InnoDB DEFAULT CHARSET=utf8mb4 COLLATE=utf8mb4_unicode_ci;

-- --------------------------------------------------------

--
-- Table structure for table `products`
--

CREATE TABLE `products` (
  `id` int(10) UNSIGNED NOT NULL,
  `name` varchar(191) COLLATE utf8mb4_unicode_ci NOT NULL,
  `detail` text COLLATE utf8mb4_unicode_ci NOT NULL,
  `price` int(11) NOT NULL,
  `stock` int(11) NOT NULL,
  `discount` int(11) NOT NULL,
  `created_at` timestamp NULL DEFAULT NULL,
  `updated_at` timestamp NULL DEFAULT NULL
) ENGINE=InnoDB DEFAULT CHARSET=utf8mb4 COLLATE=utf8mb4_unicode_ci;

--
-- Dumping data for table `products`
--

INSERT INTO `products` (`id`, `name`, `detail`, `price`, `stock`, `discount`, `created_at`, `updated_at`) VALUES
(1, 'quisquam', 'Suscipit magnam distinctio odit et officiis ut numquam molestiae. Ut porro iusto qui. Doloribus eos voluptatibus omnis architecto aut est.', 716, 9, 6, '2018-07-18 18:15:24', '2018-07-18 18:15:24'),
(2, 'libero', 'Voluptatum fuga perspiciatis corporis et dolorum fuga quia tempora. Qui illum repellendus molestiae in ab non. Omnis id ut distinctio corrupti nemo assumenda. Officiis at dolorem eos corrupti ex. Quisquam aperiam blanditiis optio in quia reprehenderit qui occaecati.', 188, 5, 23, '2018-07-18 18:15:24', '2018-07-18 18:15:24'),
(3, 'voluptas', 'Rem aut voluptatem modi quo omnis iste itaque aliquid. Debitis repellendus excepturi itaque pariatur architecto similique aliquam. Repellat consequuntur omnis architecto. Libero ipsum distinctio at non ea praesentium in in.', 551, 2, 28, '2018-07-18 18:15:24', '2018-07-18 18:15:24'),
(4, 'quaerat', 'Aliquid nesciunt voluptas dolor eum voluptatem. Sit natus incidunt placeat dolorem alias quod. At recusandae qui voluptatem iure. Nesciunt aliquid fuga dolores odit in. Est fuga dolores rem ad autem nostrum.', 593, 1, 16, '2018-07-18 18:15:24', '2018-07-18 18:15:24'),
(5, 'voluptatem', 'Veniam saepe ea in distinctio ab. Ut tempora voluptate reiciendis dolorem iusto omnis. Incidunt esse optio commodi consequatur blanditiis voluptatem reprehenderit. Veritatis delectus quasi architecto laboriosam. Natus quia hic ea et odit.', 404, 0, 21, '2018-07-18 18:15:25', '2018-07-18 18:15:25'),
(6, 'ut', 'Voluptatum laudantium ut nostrum dignissimos minima distinctio. Et perspiciatis hic excepturi qui sed occaecati. Harum est ut molestiae cum. Numquam porro consequatur repudiandae enim nostrum ut architecto.', 847, 1, 24, '2018-07-18 18:15:25', '2018-07-18 18:15:25'),
(7, 'omnis', 'Sed fugit temporibus doloremque doloremque. Animi qui dolorem eius ut nostrum autem ad. Voluptatem non laborum tempore rem et.', 198, 8, 14, '2018-07-18 18:15:25', '2018-07-18 18:15:25'),
(8, 'quisquam', 'Quidem distinctio molestias aut molestiae temporibus beatae. Ipsam minima autem vel placeat at inventore.', 473, 2, 23, '2018-07-18 18:15:25', '2018-07-18 18:15:25'),
(9, 'iure', 'Omnis deserunt magnam saepe est ratione suscipit est. Aliquid laborum non molestiae voluptatem. Amet officiis beatae in et quos qui.', 884, 8, 24, '2018-07-18 18:15:25', '2018-07-18 18:15:25'),
(10, 'tempore', 'Accusamus ipsa quibusdam ut debitis voluptatem. Eos velit quia aut delectus amet. Accusamus aliquid porro quia consectetur minima corporis vel. Occaecati distinctio qui debitis sunt non.', 182, 9, 26, '2018-07-18 18:15:25', '2018-07-18 18:15:25'),
(11, 'sint', 'Ipsum sunt nulla eum sed. Dolores illo assumenda ducimus exercitationem. At inventore sit et et aut doloremque et.', 495, 2, 20, '2018-07-18 18:15:25', '2018-07-18 18:15:25'),
(12, 'qui', 'Nisi tempora iste incidunt perferendis. Illo aliquid et exercitationem. Facilis rerum esse est et ut dolor.', 858, 3, 15, '2018-07-18 18:15:25', '2018-07-18 18:15:25'),
(13, 'animi', 'Enim earum officiis ipsam consequuntur eos excepturi harum. Molestiae ut soluta aut hic numquam eum rerum. Recusandae quos deserunt est soluta officia ipsa nihil.', 596, 4, 13, '2018-07-18 18:15:25', '2018-07-18 18:15:25'),
(14, 'autem', 'Ut fugiat eaque quia dolorum facere. Reprehenderit commodi nam et molestiae ad. Quam ea distinctio sint in.', 400, 6, 14, '2018-07-18 18:15:25', '2018-07-18 18:15:25'),
(15, 'nihil', 'Pariatur nemo possimus aspernatur libero facere eveniet. Quos voluptatem assumenda veritatis et eos repellat corporis et. Ut numquam qui officiis cupiditate dolorem pariatur laborum. Libero at accusantium itaque ipsam.', 954, 5, 29, '2018-07-18 18:15:25', '2018-07-18 18:15:25'),
(16, 'nemo', 'Id culpa aliquam harum blanditiis quo nulla aliquid. Est facere vero odio dignissimos deserunt magnam ab. Debitis atque natus accusantium ipsa. Eveniet dolores ut explicabo omnis possimus fugit et.', 425, 9, 14, '2018-07-18 18:15:25', '2018-07-18 18:15:25'),
(17, 'autem', 'In autem dolorem ipsa rerum quas quo veritatis ipsa. Repudiandae nulla ad excepturi aut et asperiores incidunt. Eligendi molestiae impedit vitae praesentium qui animi voluptas.', 941, 0, 22, '2018-07-18 18:15:25', '2018-07-18 18:15:25'),
(18, 'unde', 'Ea blanditiis occaecati maxime cumque et omnis commodi. Voluptatem possimus est quasi perferendis. Consequatur quia voluptates quo dolorem.', 179, 0, 30, '2018-07-18 18:15:25', '2018-07-18 18:15:25'),
(19, 'necessitatibus', 'Earum eaque aut voluptatem. Consequatur explicabo doloremque earum veniam tenetur consequuntur. Consequatur quidem dolor numquam quisquam incidunt consequatur. Est libero assumenda est unde est.', 643, 6, 11, '2018-07-18 18:15:25', '2018-07-18 18:15:25'),
(20, 'deserunt', 'Nihil quo minima corporis esse. Rerum repudiandae soluta rerum architecto. Nesciunt dolorem vel facere qui error autem quam. Mollitia provident harum odit doloribus.', 330, 5, 24, '2018-07-18 18:15:25', '2018-07-18 18:15:25'),
(21, 'velit', 'Placeat libero et et quos unde dignissimos cum. Quod aut quam temporibus consequatur voluptas. Est distinctio aperiam amet nam. Quo dolor ea vel nostrum dolorem voluptatibus ut.', 428, 6, 15, '2018-07-18 18:15:25', '2018-07-18 18:15:25'),
(22, 'explicabo', 'Ut iusto qui tempora culpa consequuntur vel et. Alias quos pariatur facilis aliquam. Ut deleniti enim velit et quidem accusantium. Voluptas hic commodi aperiam modi eum dolorem rerum.', 626, 3, 28, '2018-07-18 18:15:25', '2018-07-18 18:15:25'),
(23, 'quia', 'Est aut labore quasi qui. Iste fugiat laborum ea. Eum similique eligendi veniam sit a praesentium. Illum pariatur eveniet consequatur.', 862, 2, 9, '2018-07-18 18:15:25', '2018-07-18 18:15:25'),
(24, 'voluptatem', 'Eos omnis aspernatur quibusdam quia. Sit iusto consectetur quia. Nam omnis cumque nam magnam.', 717, 8, 12, '2018-07-18 18:15:25', '2018-07-18 18:15:25'),
(25, 'itaque', 'Rerum quo autem labore sed. Veritatis repellat nisi facilis. Aut nulla ut ex labore aspernatur dolor velit.', 311, 1, 11, '2018-07-18 18:15:25', '2018-07-18 18:15:25'),
(26, 'soluta', 'Occaecati eos hic voluptate ut distinctio ut laudantium. Et animi veniam quae placeat laborum. Vero molestiae officia quos vel ut amet.', 767, 5, 23, '2018-07-18 18:15:25', '2018-07-18 18:15:25'),
(27, 'dolorem', 'Voluptates expedita quia quas. Quia praesentium culpa quae temporibus delectus pariatur. Nesciunt vero fuga dolore ducimus quia ipsum sunt eligendi. Consequatur et quo facere minus nihil.', 821, 2, 4, '2018-07-18 18:15:25', '2018-07-18 18:15:25'),
(28, 'deleniti', 'Sunt ipsum quaerat et earum. Odio magni alias et voluptatibus neque quae incidunt. Qui nostrum architecto sed ut commodi veniam. Quis quos optio voluptatum cumque quaerat.', 894, 3, 29, '2018-07-18 18:15:25', '2018-07-18 18:15:25'),
(29, 'assumenda', 'Nihil tenetur totam optio vel dolorum consequuntur. Similique alias delectus similique sit veritatis dolore. Molestiae tempore molestiae debitis dolor nemo adipisci.', 213, 6, 18, '2018-07-18 18:15:26', '2018-07-18 18:15:26'),
(30, 'earum', 'Corrupti voluptas nisi voluptatem qui id possimus aut. Quod architecto natus similique et et.', 849, 6, 18, '2018-07-18 18:15:26', '2018-07-18 18:15:26'),
(31, 'aut', 'Ipsum libero voluptatem expedita consectetur quibusdam adipisci ex. Illum unde qui quis illum. Illo quis aut dolore a minus expedita.', 596, 7, 29, '2018-07-18 18:15:26', '2018-07-18 18:15:26'),
(32, 'et', 'Et ut minus velit aut. Fugit velit porro aliquid facilis. Perferendis ratione cum eligendi at.', 403, 2, 22, '2018-07-18 18:15:26', '2018-07-18 18:15:26'),
(33, 'nostrum', 'Est facere praesentium esse quis quia atque explicabo. Qui totam voluptas est saepe. Ea nisi nesciunt illo recusandae nihil et. Suscipit consectetur nulla qui non. Sint eos aut est voluptatibus sapiente.', 458, 7, 17, '2018-07-18 18:15:26', '2018-07-18 18:15:26'),
(34, 'incidunt', 'Aliquam officia est quis eveniet voluptatem non laborum. Corporis quibusdam cumque soluta voluptas asperiores. Ut est incidunt quo consectetur harum magni.', 972, 0, 9, '2018-07-18 18:15:26', '2018-07-18 18:15:26'),
(35, 'sit', 'Ullam quasi occaecati ullam aliquam. Dolores doloribus fugiat neque voluptas fuga consequatur sed. Ut voluptatem perferendis dignissimos illo consequatur. Beatae eaque in sed molestiae aliquam sed.', 572, 2, 24, '2018-07-18 18:15:26', '2018-07-18 18:15:26'),
(36, 'aliquam', 'Veniam nobis ex sapiente et. Ipsam sit sed asperiores delectus magni. Occaecati deserunt quia quia animi libero optio.', 212, 4, 8, '2018-07-18 18:15:26', '2018-07-18 18:15:26'),
(37, 'non', 'In et et quia omnis nisi et. Necessitatibus est repellat dolor molestiae et.', 588, 1, 13, '2018-07-18 18:15:26', '2018-07-18 18:15:26'),
(38, 'rerum', 'Velit ut sint neque perferendis sint enim. Quam fugiat doloribus quibusdam consequuntur rerum. Quos iste est fugiat hic aliquid commodi.', 424, 4, 13, '2018-07-18 18:15:26', '2018-07-18 18:15:26'),
(39, 'exercitationem', 'Sapiente ipsum aut magni voluptatem. Veritatis reiciendis quidem voluptatibus reiciendis quia. Eligendi quis natus optio dignissimos.', 457, 5, 27, '2018-07-18 18:15:26', '2018-07-18 18:15:26'),
(40, 'explicabo', 'Voluptatem veritatis aut ipsum tempore aut velit. Occaecati nisi quod sit optio excepturi.', 470, 3, 11, '2018-07-18 18:15:26', '2018-07-18 18:15:26'),
(41, 'eum', 'Quaerat hic sed sit. Id laboriosam harum beatae eaque sint blanditiis. Similique cupiditate repellendus eos fugiat vel qui eaque.', 779, 8, 3, '2018-07-18 18:15:26', '2018-07-18 18:15:26'),
(42, 'molestiae', 'Nisi velit ab libero magnam. Unde dignissimos explicabo officiis ut enim. Nemo fugiat quia dolores facilis. Velit sit est dolorem fugiat aspernatur culpa dolorem.', 608, 0, 3, '2018-07-18 18:15:26', '2018-07-18 18:15:26'),
(43, 'nostrum', 'Et magnam sit quae sit consequuntur. Quo dicta culpa neque placeat voluptatem nemo neque. Omnis qui impedit illum ducimus quia est dolorum magni. Quaerat esse ab officiis eaque laboriosam.', 333, 6, 28, '2018-07-18 18:15:26', '2018-07-18 18:15:26'),
(44, 'commodi', 'Quo nihil exercitationem ad libero. Assumenda et ex veritatis distinctio. Deleniti ullam aperiam quo animi placeat aut. Itaque nemo libero debitis aut animi expedita. Sint omnis sed repudiandae dignissimos id.', 387, 5, 29, '2018-07-18 18:15:26', '2018-07-18 18:15:26'),
(45, 'id', 'Ut et officia perspiciatis. Magnam ut molestiae quod quia.', 506, 2, 27, '2018-07-18 18:15:26', '2018-07-18 18:15:26'),
(46, 'possimus', 'Vel omnis ullam ipsam doloremque. Non amet molestiae commodi maiores nesciunt. Incidunt perspiciatis ipsa nihil expedita.', 223, 0, 19, '2018-07-18 18:15:26', '2018-07-18 18:15:26'),
(47, 'quo', 'Consequatur id veritatis quia facere ut debitis ut et. Et aut dolorum et est omnis molestiae quod. Consectetur sunt quia rem occaecati.', 745, 5, 4, '2018-07-18 18:15:26', '2018-07-18 18:15:26'),
(48, 'molestiae', 'Quo nisi officiis consectetur est deleniti porro sequi. Non qui exercitationem ipsum vel voluptatibus est. Molestiae harum natus ut beatae praesentium quod voluptatum nesciunt.', 133, 3, 20, '2018-07-18 18:15:26', '2018-07-18 18:15:26'),
(49, 'non', 'Dolores voluptatum beatae quas molestiae et. Aut aliquid facilis nobis ipsa explicabo. Pariatur quibusdam quia qui quae autem veniam. Numquam itaque amet assumenda. Nisi autem explicabo excepturi non qui beatae ipsum laboriosam.', 556, 8, 15, '2018-07-18 18:15:26', '2018-07-18 18:15:26'),
(50, 'rerum', 'Repudiandae similique laudantium iusto quia. Consectetur totam ut voluptatibus voluptates earum quas dolores praesentium. Provident asperiores asperiores consequatur sunt nostrum. Qui modi occaecati dolores non ut consequuntur earum.', 893, 7, 13, '2018-07-18 18:15:26', '2018-07-18 18:15:26');

-- --------------------------------------------------------

--
-- Table structure for table `reviews`
--

CREATE TABLE `reviews` (
  `id` int(10) UNSIGNED NOT NULL,
  `product_id` int(10) UNSIGNED NOT NULL,
  `customer` varchar(191) COLLATE utf8mb4_unicode_ci NOT NULL,
  `review` text COLLATE utf8mb4_unicode_ci NOT NULL,
  `star` int(11) NOT NULL,
  `created_at` timestamp NULL DEFAULT NULL,
  `updated_at` timestamp NULL DEFAULT NULL
) ENGINE=InnoDB DEFAULT CHARSET=utf8mb4 COLLATE=utf8mb4_unicode_ci;

--
-- Dumping data for table `reviews`
--

INSERT INTO `reviews` (`id`, `product_id`, `customer`, `review`, `star`, `created_at`, `updated_at`) VALUES
(1, 39, 'Jamarcus Borer', 'Ullam quisquam id qui quia harum dolores sint ex. Accusamus qui molestias libero et et voluptate. Quis sint dignissimos officia est et alias nulla id.', 0, '2018-07-18 18:15:27', '2018-07-18 18:15:27'),
(2, 45, 'Presley Ortiz', 'Sit consequatur iusto quia quae. Sequi omnis laboriosam debitis maiores. Molestiae est ut ratione at cumque sed.', 1, '2018-07-18 18:15:27', '2018-07-18 18:15:27'),
(3, 13, 'Autumn Harvey', 'Aut dolor ratione eum minima eum tempore dolor. Enim atque voluptas illum voluptatem consequatur sint modi rerum. Impedit est et ratione maiores. Quibusdam corrupti illo esse cumque facilis accusamus necessitatibus.', 2, '2018-07-18 18:15:27', '2018-07-18 18:15:27'),
(4, 38, 'Russel Senger', 'Hic ullam quos doloribus voluptas quia amet. Sint in corrupti rerum inventore blanditiis quia consequatur sit. Impedit quam temporibus vitae omnis esse aut quis omnis. Sint ex mollitia dolorum accusamus omnis voluptas.', 5, '2018-07-18 18:15:27', '2018-07-18 18:15:27'),
(5, 20, 'Winston Ratke', 'Officiis et est modi quibusdam. Rerum culpa fuga accusantium consequatur consequuntur voluptatem consequuntur. Sit nemo ad perferendis distinctio impedit blanditiis. Dolore totam dolores est quia ut aut alias.', 0, '2018-07-18 18:15:27', '2018-07-18 18:15:27'),
(6, 5, 'Moses Hill', 'Commodi est dolorem atque iusto est. Eum ex nesciunt nihil eaque ea veritatis praesentium officia. Maxime itaque natus qui corrupti corrupti harum quae.', 3, '2018-07-18 18:15:28', '2018-07-18 18:15:28'),
(7, 14, 'Viola Hane', 'Fugiat cupiditate corporis beatae. Voluptatem et magnam est in laudantium voluptas.', 2, '2018-07-18 18:15:28', '2018-07-18 18:15:28'),
(8, 13, 'Travis Cole', 'Est repellat optio ut similique et aut. Alias dolores recusandae eum suscipit. Delectus quia dolorem eos et. Quaerat qui ut dolorem velit omnis nesciunt.', 0, '2018-07-18 18:15:28', '2018-07-18 18:15:28'),
(9, 26, 'Prof. Carrie Considine III', 'Laboriosam non voluptas impedit dicta neque vel. Facere quia voluptatem sequi quo dolore vero est. Nobis qui et cumque dignissimos rerum inventore nostrum mollitia. Ducimus officiis consequatur ipsam earum adipisci.', 4, '2018-07-18 18:15:28', '2018-07-18 18:15:28'),
(10, 5, 'Rene Greenholt', 'Et sit quisquam qui est sit. Ipsam dolore quia veritatis et.', 2, '2018-07-18 18:15:28', '2018-07-18 18:15:28'),
(11, 47, 'Prof. Pearlie Sawayn', 'Ea eos delectus possimus et. Consequatur error hic omnis debitis. Veniam nam ducimus sit qui. Quo ut est error iure autem.', 3, '2018-07-18 18:15:28', '2018-07-18 18:15:28'),
(12, 21, 'Alaina Ritchie Jr.', 'Ipsam magni velit quae esse quis soluta optio. Nam voluptates totam ea est ea. Facilis ullam non dolores nemo incidunt.', 4, '2018-07-18 18:15:28', '2018-07-18 18:15:28'),
(13, 32, 'Dr. Braden Powlowski', 'Ut dignissimos totam qui aspernatur eum recusandae voluptatem numquam. Et sunt sunt molestiae rem laboriosam quia asperiores.', 1, '2018-07-18 18:15:28', '2018-07-18 18:15:28'),
(14, 24, 'Chase O\'Conner', 'Consequatur placeat eos excepturi. Voluptas sed veniam non. Dolores ut incidunt dolorem necessitatibus dolore numquam.', 4, '2018-07-18 18:15:28', '2018-07-18 18:15:28'),
(15, 48, 'Briana Ritchie', 'Asperiores sed quo et sed quia quo magnam. Soluta omnis fugit suscipit et quis. Ut quo esse sint. Autem facilis ullam voluptatem voluptatem ipsum qui totam.', 1, '2018-07-18 18:15:28', '2018-07-18 18:15:28'),
(16, 23, 'Prof. Vincenzo Auer', 'Inventore nostrum illo sapiente ut quaerat consequatur. Perspiciatis qui inventore accusantium adipisci porro quasi iste. Facere non et voluptatem velit reiciendis fugit dolores.', 3, '2018-07-18 18:15:28', '2018-07-18 18:15:28'),
(17, 31, 'Name Reichert', 'Qui recusandae ut nisi eum. Nisi veniam quis natus. Sequi aut aperiam excepturi molestiae quis sequi.', 1, '2018-07-18 18:15:28', '2018-07-18 18:15:28'),
(18, 19, 'Marjory Mohr I', 'Vero cupiditate sapiente blanditiis harum. Architecto nihil accusantium tenetur ipsum. Laudantium tempora esse laudantium voluptas.', 3, '2018-07-18 18:15:28', '2018-07-18 18:15:28'),
(19, 5, 'Monserrat Franecki III', 'Vel et mollitia aut debitis nihil omnis. Quia voluptatem et et voluptatem molestiae voluptas. Tempora minima voluptatum voluptates id rerum aut assumenda. Dolor ipsa atque soluta.', 4, '2018-07-18 18:15:28', '2018-07-18 18:15:28'),
(20, 33, 'Dr. Salvador Kerluke', 'Corporis harum rem porro amet dolor aspernatur adipisci. Explicabo quo quia aut voluptas quas est. Repellat nostrum nostrum laboriosam dolore ut eum. Error porro asperiores voluptatem.', 2, '2018-07-18 18:15:28', '2018-07-18 18:15:28'),
(21, 10, 'America Ankunding', 'Corrupti sint tenetur repellat illum. Ut quasi deleniti rerum vel mollitia amet eum. Rerum iusto necessitatibus aperiam qui. In illo dignissimos voluptatem rem qui.', 5, '2018-07-18 18:15:28', '2018-07-18 18:15:28'),
(22, 49, 'Declan Abernathy', 'Placeat est voluptatibus occaecati excepturi officiis aut vel. Rerum vero cupiditate doloremque. Alias ad delectus voluptatem voluptatum molestiae ipsa. Perferendis quia inventore dolores earum et.', 1, '2018-07-18 18:15:28', '2018-07-18 18:15:28'),
(23, 33, 'Jedidiah Wolff DDS', 'Quia fugit molestias dolore voluptatem incidunt sit ea in. Deleniti delectus hic provident quasi.', 4, '2018-07-18 18:15:28', '2018-07-18 18:15:28'),
(24, 30, 'Kian Grimes', 'Porro deserunt numquam dolorum voluptas voluptatem aut. Incidunt repudiandae odio illum eos. Sit dolore fugiat id fugiat consectetur. Et voluptates blanditiis aut ea atque.', 4, '2018-07-18 18:15:28', '2018-07-18 18:15:28'),
(25, 10, 'Prof. Cathy Tillman', 'Impedit voluptatibus voluptatem dolore itaque quis repellat enim dicta. Qui quis esse deleniti nihil odit sit. Aut nihil ut iusto quibusdam. Explicabo ullam quia consequatur neque.', 1, '2018-07-18 18:15:28', '2018-07-18 18:15:28'),
(26, 10, 'Dr. Tomas Langworth MD', 'Reprehenderit explicabo voluptas voluptas nemo maiores qui. Quo earum corporis voluptas et quis labore quia. Quaerat cupiditate doloremque enim amet.', 0, '2018-07-18 18:15:28', '2018-07-18 18:15:28'),
(27, 20, 'Arden Prosacco', 'Laborum iure dolor est aliquid consectetur. Cupiditate quas in repellendus ab. Qui et est recusandae consequuntur vel nemo.', 5, '2018-07-18 18:15:28', '2018-07-18 18:15:28'),
(28, 17, 'Dr. Camren Hahn', 'Similique magni harum dolor quos dolor nisi. Nesciunt aut et tempore temporibus sunt. Dolorum aliquam magnam qui debitis voluptatum necessitatibus.', 1, '2018-07-18 18:15:28', '2018-07-18 18:15:28'),
(29, 45, 'Hans Douglas', 'Consectetur ut in unde. Harum nemo asperiores veritatis voluptatem eos. Vel unde recusandae vero omnis nobis repellat. Iusto id delectus id debitis eius est incidunt.', 1, '2018-07-18 18:15:28', '2018-07-18 18:15:28'),
(30, 42, 'Prof. Faustino Haag III', 'Corrupti minus esse voluptas amet deserunt. Et rerum sed voluptas est ducimus. Facere vel quia nihil libero. Sed aut esse voluptatibus atque similique consequatur.', 5, '2018-07-18 18:15:28', '2018-07-18 18:15:28'),
(31, 35, 'Prof. Neva Schmidt III', 'Cupiditate ut praesentium dolores quas. Dolore ut dolorum odio voluptatem. Et unde voluptate et incidunt nobis quis dolores.', 3, '2018-07-18 18:15:29', '2018-07-18 18:15:29'),
(32, 47, 'Winston Moore III', 'Maiores similique laborum eos natus. Hic suscipit quam molestias quam voluptatem magni et. Repellendus fugiat ad quaerat beatae. Voluptas qui quis non dolores.', 1, '2018-07-18 18:15:29', '2018-07-18 18:15:29'),
(33, 37, 'Sterling Sauer', 'Quaerat ullam eum commodi quibusdam voluptatem labore totam. Minus perferendis non nam dicta cumque. Omnis repudiandae ut excepturi sed. Deserunt facilis ut amet nulla fugiat qui.', 0, '2018-07-18 18:15:29', '2018-07-18 18:15:29'),
(34, 14, 'Marley Ledner II', 'Officia atque quisquam dolorum qui. Adipisci expedita aspernatur commodi quisquam at vero. Totam autem sequi nam eos odio ut fugiat. Et blanditiis reiciendis ut veniam.', 3, '2018-07-18 18:15:29', '2018-07-18 18:15:29'),
(35, 5, 'Rose Treutel', 'Libero quia omnis qui nesciunt magnam. Ea consectetur dolore saepe beatae omnis vel voluptatem. Laudantium quis deleniti eaque aut odio. Fugit dolores repellat ea at perspiciatis quam quo nihil.', 3, '2018-07-18 18:15:29', '2018-07-18 18:15:29'),
(36, 9, 'Izabella Ferry', 'Est debitis consequatur natus deleniti aliquid. Sunt rerum minus neque voluptatem. Et inventore et vel assumenda totam quo odit. Et voluptas consequatur eum et provident quis.', 3, '2018-07-18 18:15:29', '2018-07-18 18:15:29'),
(37, 40, 'Deontae Kautzer', 'Vel aliquid ipsa magnam iste commodi. Molestiae labore sed qui. Ea velit est quaerat.', 3, '2018-07-18 18:15:29', '2018-07-18 18:15:29'),
(38, 13, 'Mark Zulauf', 'Sint accusantium non minus sint porro. Omnis et veniam hic quia. Beatae quia totam qui adipisci laudantium id itaque.', 2, '2018-07-18 18:15:29', '2018-07-18 18:15:29'),
(39, 48, 'Dr. Emerson Trantow III', 'Fugiat quaerat dolores porro nobis reprehenderit autem. Iusto voluptas voluptas qui magnam omnis. Corrupti officiis omnis sint minus. Labore voluptatem voluptatem sed asperiores.', 2, '2018-07-18 18:15:29', '2018-07-18 18:15:29'),
(40, 6, 'Jaida Effertz', 'Aut qui quia rem sit in incidunt porro. Qui odio rem rem sed aspernatur. Ipsa et non id et.', 0, '2018-07-18 18:15:29', '2018-07-18 18:15:29'),
(41, 24, 'Erwin King', 'Nihil quisquam velit commodi sed asperiores animi voluptatibus sed. Suscipit qui neque corporis impedit. Ut facilis omnis distinctio exercitationem amet ea. Laudantium eveniet rerum minus placeat nisi excepturi non.', 3, '2018-07-18 18:15:29', '2018-07-18 18:15:29'),
(42, 39, 'Anastasia Kling', 'Optio voluptatem et iste amet dicta quasi. Voluptatem at enim sed voluptate eum. Reprehenderit impedit ducimus et omnis. Consectetur aut velit eum dolorum ab et enim.', 2, '2018-07-18 18:15:29', '2018-07-18 18:15:29'),
(43, 1, 'Vicente Heaney', 'Tempore cum qui fugit voluptatem. Occaecati voluptas eum vero mollitia alias dolorum eveniet. Vitae quam et nihil commodi a excepturi.', 2, '2018-07-18 18:15:29', '2018-07-18 18:15:29'),
(44, 26, 'Frankie Quigley V', 'Vitae quos voluptatem aut eius rerum alias dignissimos odit. Quos voluptatem sit ut corporis id at.', 1, '2018-07-18 18:15:29', '2018-07-18 18:15:29'),
(45, 26, 'Lorenzo Murazik', 'Quasi recusandae est nobis. Qui provident illo dignissimos qui rerum quo et. Explicabo mollitia repellendus id consectetur. Maiores rerum reprehenderit ut ex tempora commodi.', 2, '2018-07-18 18:15:29', '2018-07-18 18:15:29'),
(46, 15, 'Hilma Mayert', 'Molestiae velit quo reprehenderit non. Dolor quia velit quo sit est asperiores dolor modi. Qui expedita nihil non enim itaque et eius et. Quod nisi ut et ad.', 3, '2018-07-18 18:15:29', '2018-07-18 18:15:29'),
(47, 13, 'Joesph Wuckert', 'Aliquam itaque inventore quos animi aut quo. Sed eligendi est voluptates. Iusto ea quas et.', 2, '2018-07-18 18:15:29', '2018-07-18 18:15:29'),
(48, 6, 'Susan Kshlerin II', 'Ducimus nobis et nostrum voluptate. Et maxime praesentium hic consequatur aspernatur cumque. Et minus enim sit eum inventore eius.', 4, '2018-07-18 18:15:29', '2018-07-18 18:15:29'),
(49, 47, 'Celestino Kuhic', 'Nisi facilis blanditiis quis neque. Quia eos dolores voluptatibus temporibus. Consequatur magnam vitae voluptas eum et iusto laborum. Cumque fuga atque vitae dolorem.', 1, '2018-07-18 18:15:29', '2018-07-18 18:15:29'),
(50, 11, 'Gregorio Gorczany', 'Possimus est quia quis voluptatibus animi. Modi ut non reprehenderit explicabo est aliquid doloremque. Consequuntur sed cum quasi numquam suscipit quia earum.', 5, '2018-07-18 18:15:29', '2018-07-18 18:15:29'),
(51, 36, 'Nona Spencer I', 'Labore reiciendis voluptates iure sint nobis aut. Rem est ducimus nihil atque. Quia laudantium est omnis enim qui voluptates iusto et.', 4, '2018-07-18 18:15:29', '2018-07-18 18:15:29'),
(52, 37, 'Prof. Verona McKenzie Sr.', 'Animi est asperiores consequuntur ab impedit necessitatibus minus aut. Illum aut cupiditate quae dolorem minima mollitia porro. Aut asperiores sit dolores ut cum ut. Laboriosam temporibus quis adipisci adipisci.', 4, '2018-07-18 18:15:29', '2018-07-18 18:15:29'),
(53, 7, 'Dr. Toby Feest', 'Repudiandae quia ut quos quod. Dolorem dolorum velit velit consequatur recusandae qui voluptatem.', 2, '2018-07-18 18:15:29', '2018-07-18 18:15:29'),
(54, 32, 'Carolina Morar', 'Voluptatem occaecati voluptatibus reiciendis sed a sequi et. Et excepturi placeat expedita officia quas pariatur. Sed ipsam iste aut inventore nulla dolores dolorum. Harum debitis omnis incidunt occaecati.', 0, '2018-07-18 18:15:29', '2018-07-18 18:15:29'),
(55, 26, 'Sonya Wisoky', 'Et est sapiente velit eveniet id nam mollitia. Tenetur ut non sunt sit minus eius. Consectetur molestiae et velit sint quis.', 3, '2018-07-18 18:15:29', '2018-07-18 18:15:29'),
(56, 27, 'Ebba Feil', 'Et sed ut quos commodi a. Assumenda animi veritatis omnis similique. Sed optio eligendi aliquid. Eaque ipsum corporis quo ut totam. Qui in eum ea ullam.', 1, '2018-07-18 18:15:29', '2018-07-18 18:15:29'),
(57, 45, 'Murl Hegmann', 'Quae qui est excepturi laboriosam velit. Qui tempore sed quo unde ratione maiores molestiae. Dolor sapiente maxime dolore occaecati error.', 5, '2018-07-18 18:15:29', '2018-07-18 18:15:29'),
(58, 39, 'Cordie Heidenreich IV', 'Quia repellendus ut ut voluptas aut accusamus quia. Numquam iste et eligendi hic tempora voluptatem illo ea. Voluptate rerum et nesciunt voluptatem expedita et. Tempora explicabo dolor qui. Eveniet quibusdam ea repellat.', 4, '2018-07-18 18:15:29', '2018-07-18 18:15:29'),
(59, 45, 'Miss Kavon Langosh II', 'Explicabo recusandae est ipsam voluptas assumenda voluptas itaque. Perspiciatis sed necessitatibus iure dolorum delectus quia voluptatem. Laboriosam aut molestiae odio dicta vitae sapiente ducimus.', 3, '2018-07-18 18:15:30', '2018-07-18 18:15:30'),
(60, 42, 'Prof. Sigrid Sipes IV', 'Quisquam fugiat qui nemo. Modi sed tempore velit est. Earum odio rem aut fuga in nostrum et. Iure commodi occaecati recusandae facere magni. Odit doloremque voluptas sequi harum cum ab sequi.', 4, '2018-07-18 18:15:30', '2018-07-18 18:15:30'),
(61, 23, 'Maxie Glover II', 'Voluptatem dolores id aut modi. Voluptas itaque aut consequatur nemo ducimus. Enim aperiam sequi possimus. Quae natus et aliquam iure.', 4, '2018-07-18 18:15:30', '2018-07-18 18:15:30'),
(62, 44, 'Mrs. Andreane Hane', 'Consequatur temporibus voluptas voluptatem qui sed. Eveniet commodi molestiae qui sed.', 2, '2018-07-18 18:15:30', '2018-07-18 18:15:30'),
(63, 11, 'Jose Schaefer MD', 'Non ea voluptas esse et sunt magnam atque. Optio beatae iste repellendus aliquam.', 4, '2018-07-18 18:15:30', '2018-07-18 18:15:30'),
(64, 12, 'Tyrese Ratke', 'Consequatur qui non accusamus qui sequi. Est est molestias molestiae unde qui. Sed tempora velit ea modi ipsum.', 5, '2018-07-18 18:15:30', '2018-07-18 18:15:30'),
(65, 49, 'Syble Paucek', 'Libero est laborum quos. Aut assumenda veritatis consequatur. Qui consequuntur eum sint repellat.', 3, '2018-07-18 18:15:30', '2018-07-18 18:15:30'),
(66, 27, 'Miss Era Blanda', 'Commodi excepturi hic laudantium repellat et. Quia ut rerum ullam dolorem. Et animi aliquam distinctio nisi facilis nihil.', 5, '2018-07-18 18:15:30', '2018-07-18 18:15:30'),
(67, 13, 'Cooper Anderson', 'Non illo recusandae dignissimos ut rerum. In maxime ea veniam provident eos adipisci. Qui beatae qui non sunt. Molestiae dignissimos et repellat ut atque.', 1, '2018-07-18 18:15:30', '2018-07-18 18:15:30'),
(68, 17, 'Dr. Bradly Schmeler IV', 'Illo sequi fugiat nihil sit distinctio itaque. Dolores ad ut in magni tenetur. Qui fuga et natus neque unde nulla ea. Eligendi ea et ex quam.', 4, '2018-07-18 18:15:30', '2018-07-18 18:15:30'),
(69, 7, 'Emelie Frami', 'Est asperiores deserunt doloremque. Velit quidem et nobis maiores qui. Veniam provident odit ut vel minima laboriosam.', 3, '2018-07-18 18:15:30', '2018-07-18 18:15:30'),
(70, 14, 'Mrs. Sydni Rath', 'Reiciendis voluptate quia ipsa est. Sit error aut ab laudantium nesciunt harum. Eos quae sit aperiam omnis.', 5, '2018-07-18 18:15:30', '2018-07-18 18:15:30'),
(71, 1, 'Prof. Louvenia Upton Sr.', 'Cum ab neque adipisci possimus. Voluptas distinctio qui id rerum id nostrum voluptatum laboriosam. Voluptas exercitationem excepturi omnis illum in quas harum. Dolor quia qui id facere.', 2, '2018-07-18 18:15:30', '2018-07-18 18:15:30'),
(72, 12, 'Mr. Bennett Carroll DDS', 'Debitis sit rerum autem sit quaerat consequatur perspiciatis. Dolor ullam laudantium reprehenderit facilis est molestiae. Tenetur consequatur qui et consequuntur maxime dolores. Rem possimus aspernatur omnis et velit corrupti blanditiis.', 5, '2018-07-18 18:15:30', '2018-07-18 18:15:30'),
(73, 12, 'Neil Gerlach', 'Corrupti qui nobis aut debitis tempora eos ut. Ratione ea et consequatur eos est est. Sed laboriosam magni sint atque rerum.', 0, '2018-07-18 18:15:30', '2018-07-18 18:15:30'),
(74, 20, 'Heaven Monahan', 'Harum rerum voluptas recusandae dolor. Sit veniam assumenda sit sed id magni dolor esse. Dolorum laudantium exercitationem et asperiores saepe. Error ea quas eligendi dolorem libero.', 1, '2018-07-18 18:15:30', '2018-07-18 18:15:30'),
(75, 50, 'Arely Larson III', 'Et non qui earum. Qui exercitationem id tempora culpa et hic quas. Laboriosam fugit nesciunt aut id molestiae pariatur dolorem. Minima fugiat dolorum reprehenderit unde molestiae eaque.', 1, '2018-07-18 18:15:30', '2018-07-18 18:15:30'),
(76, 1, 'Mrs. Anastasia Gulgowski', 'Sed ipsam tenetur nihil ipsa maxime eius vel sequi. Rem aut labore quaerat eum. Et beatae officiis soluta ut illum aut. Nihil ut dolore sequi mollitia delectus.', 0, '2018-07-18 18:15:30', '2018-07-18 18:15:30'),
(77, 23, 'Prof. Gerson Kihn Jr.', 'Molestiae culpa nihil neque ut numquam ipsum nam. Quos quia et eos dolores ipsam. Qui delectus hic aut assumenda. Molestias laborum soluta velit doloribus sint voluptatem.', 1, '2018-07-18 18:15:30', '2018-07-18 18:15:30'),
(78, 3, 'Mrs. Muriel Koch', 'Non architecto accusamus vero fuga porro totam. Veritatis vel id pariatur ut reprehenderit. Ut autem praesentium eveniet qui aut voluptates exercitationem.', 2, '2018-07-18 18:15:30', '2018-07-18 18:15:30'),
(79, 2, 'Elnora Hammes', 'Modi non aut odit error sequi earum laboriosam. Unde atque explicabo modi ut velit. Totam sunt fugit deleniti nisi.', 2, '2018-07-18 18:15:30', '2018-07-18 18:15:30'),
(80, 42, 'Vincenza Kling', 'Quia aspernatur odio quisquam rerum aut quod. Modi quam et cupiditate doloremque dolores rerum in vitae. Laudantium et facere molestias. Ut alias quasi corrupti molestiae at dolor.', 2, '2018-07-18 18:15:30', '2018-07-18 18:15:30'),
(81, 24, 'Dr. Elva Kulas MD', 'Nobis omnis unde vero aut animi dolorum cumque veniam. Placeat quam a ipsum in. Mollitia repellat aut fuga iste provident atque. Ea voluptatem alias molestiae eos.', 3, '2018-07-18 18:15:30', '2018-07-18 18:15:30'),
(82, 30, 'Mr. Madison Lubowitz II', 'Omnis voluptates voluptatem quia sit tempora ut. Iste velit maxime perferendis repellendus accusantium similique.', 1, '2018-07-18 18:15:31', '2018-07-18 18:15:31'),
(83, 13, 'Edmund Macejkovic', 'Aut itaque nobis culpa nesciunt sed. Aliquid excepturi aut quisquam voluptas est voluptate tempora illo. Placeat cupiditate eius voluptate ut repudiandae. Et reprehenderit saepe in animi ut voluptas rem.', 4, '2018-07-18 18:15:31', '2018-07-18 18:15:31'),
(84, 22, 'Janelle Bergnaum', 'Accusamus explicabo omnis facilis debitis debitis earum sunt. Nostrum laudantium laboriosam delectus laudantium molestias. Quo iste eum in. Dolore aliquid voluptatem ipsum voluptas.', 0, '2018-07-18 18:15:31', '2018-07-18 18:15:31'),
(85, 34, 'Prof. Eldora Nitzsche', 'Sapiente eligendi culpa ut. Voluptatem in ullam necessitatibus.', 1, '2018-07-18 18:15:31', '2018-07-18 18:15:31'),
(86, 4, 'Marianne Buckridge', 'Qui et inventore dolores reiciendis totam rem sint a. Non non voluptatem id nihil quo doloremque. Et qui provident recusandae recusandae dolore. Laborum et sint suscipit eos laboriosam similique id doloremque.', 2, '2018-07-18 18:15:31', '2018-07-18 18:15:31'),
(87, 35, 'Dr. Moriah Walker', 'Incidunt saepe suscipit eveniet nihil quaerat et. Atque et asperiores facere consequatur vitae et.', 3, '2018-07-18 18:15:31', '2018-07-18 18:15:31'),
(88, 13, 'Mrs. Freeda Deckow Jr.', 'Reprehenderit saepe ut tenetur fugiat molestiae voluptate quidem. Vitae esse facilis consequatur debitis. Officiis perferendis eveniet illo qui est est voluptatum.', 4, '2018-07-18 18:15:31', '2018-07-18 18:15:31'),
(89, 5, 'Francisca Metz', 'Autem necessitatibus dolorem quia facilis. Sequi rerum itaque incidunt laborum repellat praesentium. Qui corrupti voluptas sit voluptates provident voluptate.', 1, '2018-07-18 18:15:31', '2018-07-18 18:15:31'),
(90, 6, 'Buster Gulgowski', 'Esse laudantium quia adipisci molestiae. Rerum placeat magnam laborum impedit neque sit. Voluptas ea ut suscipit nesciunt. Et sunt explicabo quia omnis et suscipit omnis omnis. Provident nam ducimus autem.', 0, '2018-07-18 18:15:31', '2018-07-18 18:15:31'),
(91, 47, 'Mrs. Marlen Considine DDS', 'Placeat nesciunt non vero ut dolorum aut error. Id vel aut eveniet tempora ipsa molestiae quasi. Porro eos expedita molestiae saepe quidem harum. Ab excepturi sed ratione rerum sunt.', 0, '2018-07-18 18:15:31', '2018-07-18 18:15:31'),
(92, 31, 'Prof. Reanna Medhurst DDS', 'Deserunt id iure non. Ullam id reprehenderit voluptas odio officiis nihil.', 3, '2018-07-18 18:15:31', '2018-07-18 18:15:31'),
(93, 15, 'Prof. Jerel Smitham', 'In animi nihil architecto possimus. In consequatur est molestias eveniet consequatur quis. Aspernatur atque aliquid dolor doloremque.', 5, '2018-07-18 18:15:31', '2018-07-18 18:15:31'),
(94, 7, 'Prof. Dario Kris', 'Velit non autem iure voluptatum impedit voluptatibus. Delectus quaerat voluptatibus in vel eum asperiores necessitatibus. Est et delectus dolores sint placeat similique.', 0, '2018-07-18 18:15:31', '2018-07-18 18:15:31'),
(95, 44, 'Ms. Audreanne Trantow Jr.', 'Perferendis eligendi tempore nesciunt alias porro doloribus quia. Rerum laboriosam repudiandae voluptatem vitae non. Quia tempore quasi cupiditate vel adipisci in dolores repellendus. Facere laborum cupiditate quia et amet maxime.', 3, '2018-07-18 18:15:31', '2018-07-18 18:15:31'),
(96, 18, 'Rodrick Crooks V', 'Ut optio delectus ex quo occaecati. Voluptates inventore deserunt veniam ut voluptate ut. In dolorem quos alias minima dicta eum.', 1, '2018-07-18 18:15:31', '2018-07-18 18:15:31'),
(97, 32, 'Monserrate Stanton', 'Culpa beatae nobis provident dolor laborum. Voluptatem recusandae quia explicabo quia tempora id. Et dicta consequatur itaque cum est enim nihil.', 3, '2018-07-18 18:15:31', '2018-07-18 18:15:31'),
(98, 5, 'Theo Brekke', 'Ut pariatur nobis non ex tenetur voluptatem molestiae voluptate. Rerum voluptatem blanditiis ducimus non eum. Voluptate excepturi quas nam esse velit suscipit. In dicta porro ipsa et nesciunt corrupti occaecati et.', 1, '2018-07-18 18:15:31', '2018-07-18 18:15:31'),
(99, 32, 'Prof. Tyshawn Prosacco MD', 'Amet deserunt minima incidunt quis quasi dolor debitis. Quia sequi odit in. Perferendis provident sint pariatur et. Eos quam consequatur possimus quisquam in.', 4, '2018-07-18 18:15:31', '2018-07-18 18:15:31'),
(100, 40, 'Pattie Haley', 'Iste praesentium aliquam alias ut. Quo autem nemo blanditiis nesciunt earum architecto explicabo. Voluptas atque iste repellendus minima ex temporibus. Sit officia assumenda dignissimos delectus.', 3, '2018-07-18 18:15:31', '2018-07-18 18:15:31'),
(101, 3, 'Vance Nader', 'Harum ullam necessitatibus repudiandae ut culpa animi nemo. Incidunt recusandae iure cumque eius et enim. Sequi eos facilis rem illum.', 5, '2018-07-18 18:15:31', '2018-07-18 18:15:31'),
(102, 8, 'Prof. Arlie Kunze', 'Labore aspernatur repudiandae repudiandae voluptas pariatur reprehenderit. Necessitatibus animi sunt cum ipsa magni et.', 3, '2018-07-18 18:15:31', '2018-07-18 18:15:31'),
(103, 39, 'Dorthy Haag MD', 'Officia rerum modi eum voluptas suscipit. Voluptatem iste temporibus unde facilis quia ipsa voluptas. Doloribus et tempore distinctio eos a perferendis. Voluptas quia possimus aut quia.', 2, '2018-07-18 18:15:31', '2018-07-18 18:15:31'),
(104, 38, 'Lisandro Paucek', 'Consequatur ullam exercitationem labore vel rerum. Ipsam architecto debitis hic magni repellat nisi quis. Molestiae in atque sit nulla enim est.', 2, '2018-07-18 18:15:31', '2018-07-18 18:15:31'),
(105, 30, 'Delilah Pacocha', 'Voluptate officia explicabo quos deleniti magni eum. Qui aperiam reiciendis earum quidem aut non. Aperiam ipsum reiciendis fugiat nam.', 1, '2018-07-18 18:15:31', '2018-07-18 18:15:31'),
(106, 36, 'Prof. Dovie O\'Kon DDS', 'Illum unde similique in tenetur et inventore voluptate. Amet voluptates eaque sapiente officiis accusantium maiores. Quia delectus voluptates quos veniam eum rerum maxime. Aut autem porro aliquid provident est.', 0, '2018-07-18 18:15:31', '2018-07-18 18:15:31'),
(107, 1, 'Roslyn Koch', 'Ut animi quia eum veritatis libero eveniet. Non commodi dignissimos est ut impedit et et incidunt. Repellat id consequatur laudantium placeat doloribus voluptatem.', 0, '2018-07-18 18:15:31', '2018-07-18 18:15:31'),
(108, 29, 'Amaya Rice', 'Dolor quisquam voluptatem dolorem non. Eos ea et enim nulla nemo consequatur accusamus est. Earum fugiat fugit magnam ut nihil. Aliquam voluptatum atque accusamus sed eius.', 1, '2018-07-18 18:15:31', '2018-07-18 18:15:31'),
(109, 16, 'Ms. Candice Lesch DVM', 'Et cumque quia sunt eius debitis. Quidem aliquam ea molestiae ab enim aut ratione quia. Asperiores reprehenderit officia voluptas impedit dolor rerum. Tempora et sit et vel velit laborum officiis exercitationem.', 1, '2018-07-18 18:15:31', '2018-07-18 18:15:31'),
(110, 36, 'Ms. Margot Bergnaum', 'Nihil quo eum aut asperiores et nostrum. Accusamus nihil temporibus porro cum natus omnis quos neque. Rerum quasi voluptatem quia expedita quae. Recusandae doloribus dolorem non architecto et cupiditate at.', 5, '2018-07-18 18:15:32', '2018-07-18 18:15:32'),
(111, 45, 'Retta Beatty', 'Magni aut molestiae eaque provident dolores. Repellat suscipit iure illum sit. Ipsam nihil eius vero ab fugiat doloremque soluta. Sint aliquam est et expedita.', 5, '2018-07-18 18:15:32', '2018-07-18 18:15:32'),
(112, 16, 'Gerardo Schuster', 'Omnis optio quo quis est nisi est ut. Hic enim vel ut et quo eum officia. Blanditiis culpa atque molestias consequuntur veritatis quia in. Voluptatibus tenetur sit perferendis ipsum tempore quidem.', 2, '2018-07-18 18:15:32', '2018-07-18 18:15:32'),
(113, 49, 'Lowell Terry PhD', 'Natus voluptatum aperiam nobis distinctio. Natus voluptatem labore tempore exercitationem et. Perferendis aut voluptates ea libero culpa rerum est.', 5, '2018-07-18 18:15:32', '2018-07-18 18:15:32'),
(114, 14, 'Prof. Ayden Murray', 'Et quo ipsam doloremque id aut. Necessitatibus iure enim ut necessitatibus molestias dolorem atque. Quam velit accusantium non sit perspiciatis.', 5, '2018-07-18 18:15:32', '2018-07-18 18:15:32'),
(115, 32, 'Camren Graham PhD', 'Sapiente cum rerum ut non sunt id dolor. Nam ea dolorum ut mollitia. Aut aut et qui odit qui. Odit sit eius cupiditate neque.', 2, '2018-07-18 18:15:32', '2018-07-18 18:15:32'),
(116, 21, 'Pietro Ernser', 'Sunt autem minus qui ut consequatur. Dicta sed esse minima praesentium temporibus ipsam. Eius suscipit et nam quia odit dignissimos qui.', 4, '2018-07-18 18:15:32', '2018-07-18 18:15:32'),
(117, 27, 'Laverna O\'Keefe', 'Eaque est enim at est a. Corporis quia inventore odit voluptatum accusantium ut aut. Distinctio quos sint nobis earum dolor est. Est inventore quod et in beatae illo.', 4, '2018-07-18 18:15:32', '2018-07-18 18:15:32'),
(118, 1, 'Dr. Madalyn Gerlach', 'Molestiae eum temporibus dignissimos sit odit debitis. Odio sunt quas perspiciatis optio saepe et. Aut ut et totam quam et nihil maiores labore. Dolor ea voluptatibus at incidunt.', 0, '2018-07-18 18:15:32', '2018-07-18 18:15:32'),
(119, 30, 'Mrs. Duane Huel', 'Sit dolorem voluptatem ipsa voluptatum saepe et. Aut ipsum sunt nisi ut et aut voluptas officiis. Deserunt nostrum debitis modi culpa rem. Cumque ex saepe non ipsam quia aliquam.', 4, '2018-07-18 18:15:32', '2018-07-18 18:15:32'),
(120, 40, 'Jamey Adams', 'Fugiat alias quos et similique enim quos facilis possimus. Et et expedita temporibus eveniet ad labore. Sed excepturi consequatur pariatur. Quibusdam et molestiae aut.', 2, '2018-07-18 18:15:32', '2018-07-18 18:15:32'),
(121, 48, 'Araceli Leuschke', 'Minus recusandae nam repudiandae sint voluptates tenetur. Placeat sapiente quo occaecati tempore et. Consequatur rerum voluptates aperiam et architecto. Ea possimus animi et voluptates ea sit voluptatibus.', 2, '2018-07-18 18:15:32', '2018-07-18 18:15:32'),
(122, 26, 'Prof. Elyssa Maggio', 'Exercitationem qui eveniet id est sed odio veniam enim. Rerum voluptatem eligendi nostrum omnis. Reiciendis debitis ut quibusdam iure impedit. Officia et quod et dicta earum eveniet.', 4, '2018-07-18 18:15:32', '2018-07-18 18:15:32'),
(123, 45, 'Raven Larkin', 'Illo sint in molestiae odio alias. Tempore nisi sed et debitis dicta. Deserunt asperiores inventore consequatur impedit et. Sint ab aut voluptates eaque unde culpa repudiandae.', 4, '2018-07-18 18:15:32', '2018-07-18 18:15:32'),
(124, 26, 'Prof. Granville Aufderhar', 'Voluptas ut et cumque ullam quidem. Fugiat et quod placeat et quos voluptatibus. Vel doloribus voluptatem quia deleniti sapiente.', 2, '2018-07-18 18:15:32', '2018-07-18 18:15:32'),
(125, 26, 'Louisa Kunde', 'Maiores optio quos veniam porro officia amet. Eos reprehenderit eum voluptatem magni est perferendis est. Eos sapiente quasi odio mollitia dignissimos quia. Ipsa dolor nostrum voluptatem facilis.', 0, '2018-07-18 18:15:32', '2018-07-18 18:15:32'),
(126, 24, 'Stacy Lind Jr.', 'Libero praesentium explicabo totam quam sit dicta sit. Quisquam non qui repudiandae atque qui quae. Eius nulla necessitatibus voluptas vitae consequuntur debitis. Eveniet delectus deleniti eius aut voluptas quidem.', 2, '2018-07-18 18:15:32', '2018-07-18 18:15:32'),
(127, 6, 'Dr. Monique Johns', 'Ut soluta mollitia accusantium ad repudiandae numquam. Nulla ut ratione perspiciatis omnis veniam pariatur nobis. Et voluptate molestiae aliquid ut qui.', 4, '2018-07-18 18:15:32', '2018-07-18 18:15:32'),
(128, 17, 'Maybelle Lockman', 'Id repellendus sit beatae commodi. Neque similique quia mollitia est. Deserunt sed rerum placeat quis eius. Illum molestiae possimus omnis voluptatem non.', 3, '2018-07-18 18:15:32', '2018-07-18 18:15:32'),
(129, 36, 'Mr. Gideon Dietrich', 'Dolor nulla ex excepturi molestiae quis velit sint. Sunt aut quas repellendus est et accusamus doloribus. Perferendis illo autem reiciendis iusto.', 2, '2018-07-18 18:15:32', '2018-07-18 18:15:32'),
(130, 7, 'Misael Zboncak', 'Veniam minima consequatur consequuntur modi reprehenderit quo quisquam. Vel in quidem magnam esse explicabo sunt et consectetur. Ipsam temporibus nesciunt provident blanditiis. Tempore delectus quos ullam doloribus qui repellat.', 0, '2018-07-18 18:15:32', '2018-07-18 18:15:32'),
(131, 46, 'Miss Trisha Hickle', 'Debitis et quas omnis tempora error ut et. Eveniet dicta necessitatibus exercitationem. Sed sunt perferendis dolorem ab esse ducimus. Ea cupiditate quaerat quod dolorem iste id consequatur.', 5, '2018-07-18 18:15:32', '2018-07-18 18:15:32'),
(132, 41, 'Adah Cruickshank III', 'Et molestiae neque facere doloremque magni. Sit quia qui sequi non reprehenderit. Similique ipsa dolore quia et. Natus nam velit aut corporis sit nulla.', 1, '2018-07-18 18:15:32', '2018-07-18 18:15:32'),
(133, 2, 'Norene Larkin DDS', 'Ratione cumque et sit fuga adipisci asperiores soluta. Enim ad atque voluptatem est molestiae qui. Quia aspernatur tempore qui a. Hic possimus molestiae quae et. Ut ut sequi aut in velit.', 5, '2018-07-18 18:15:32', '2018-07-18 18:15:32'),
(134, 2, 'Kiley Boyer', 'A omnis enim consectetur qui occaecati suscipit. Tempore omnis repudiandae quisquam et illo soluta ut. Inventore tenetur sunt reiciendis pariatur eum vel odit.', 2, '2018-07-18 18:15:32', '2018-07-18 18:15:32'),
(135, 45, 'Meghan Dicki', 'Molestias sint possimus id quia. Porro voluptas itaque sint aut. Molestiae alias molestias est voluptas nobis quasi. Dicta tenetur voluptas vel. Temporibus quia non ullam et nulla.', 2, '2018-07-18 18:15:32', '2018-07-18 18:15:32'),
(136, 22, 'Adelle Trantow', 'Voluptate sed eum asperiores totam alias. Quod eum qui magnam suscipit ratione. Dolores deserunt ut aut sit id dolorum.', 4, '2018-07-18 18:15:32', '2018-07-18 18:15:32'),
(137, 49, 'Eli Goldner', 'Quibusdam sequi voluptatem dolor quis. Aliquid libero beatae quam dolor. Illo aliquid rerum ut nesciunt debitis. Et corporis inventore amet dolores placeat delectus.', 4, '2018-07-18 18:15:32', '2018-07-18 18:15:32'),
(138, 5, 'Mrs. Lorine Stiedemann IV', 'Impedit sed vero voluptas. Nemo veritatis est veniam et. Odio eveniet voluptatem dolor quia aut vitae excepturi.', 2, '2018-07-18 18:15:32', '2018-07-18 18:15:32'),
(139, 2, 'Wilbert Lynch', 'Neque neque recusandae iusto sequi ad ipsum ex molestias. Et tempore accusantium qui ratione eum delectus voluptas. Sequi mollitia nihil cumque rerum facere soluta. Voluptas facilis animi quis laboriosam.', 1, '2018-07-18 18:15:32', '2018-07-18 18:15:32'),
(140, 18, 'Karlee Langworth IV', 'Ut voluptas velit nulla placeat commodi autem. Nihil quibusdam quis debitis officia. Tempore distinctio ratione aut iure. Beatae voluptate adipisci eveniet.', 2, '2018-07-18 18:15:33', '2018-07-18 18:15:33'),
(141, 19, 'Prof. Alvah Schmeler Sr.', 'Aut perspiciatis non facilis nobis repellendus similique nulla. Iusto debitis in et et facilis incidunt accusamus. Cupiditate illo est et. Vel et velit incidunt quia assumenda minima.', 5, '2018-07-18 18:15:33', '2018-07-18 18:15:33'),
(142, 28, 'Wava Wiza', 'Et sint et nesciunt dolor. Quia et harum nesciunt. Dolore at similique sapiente recusandae eum. Animi non blanditiis sunt reprehenderit est a quae.', 2, '2018-07-18 18:15:33', '2018-07-18 18:15:33'),
(143, 7, 'Doyle Jacobs', 'Id beatae quis rem consequatur. Facilis facilis itaque iste est tempore dignissimos iusto cum. Eos aut vitae id facilis aut voluptatem debitis. Et consequatur dolorem nesciunt facere eos sunt laudantium quo.', 4, '2018-07-18 18:15:33', '2018-07-18 18:15:33'),
(144, 50, 'Jaylan Hand MD', 'Officiis est repellendus dicta minus esse. Eos rerum iste aspernatur nemo consequatur.', 5, '2018-07-18 18:15:33', '2018-07-18 18:15:33'),
(145, 39, 'Prof. Lemuel Herman', 'Qui et porro magni illo occaecati rerum. Repellat culpa consequatur amet vel dolores. Fuga architecto porro et ut et quas. Nobis earum vel eos natus magni temporibus sit.', 5, '2018-07-18 18:15:33', '2018-07-18 18:15:33'),
(146, 39, 'Summer Klein', 'Corporis quia molestiae qui qui nostrum qui. Quos ab dolores doloremque occaecati nesciunt et. Est nisi ut magni facere. Nihil et et dolorem perferendis voluptatum consequatur. Error atque facere unde iste.', 2, '2018-07-18 18:15:33', '2018-07-18 18:15:33'),
(147, 32, 'Miss Arlene Casper DDS', 'Ea aliquid omnis quo voluptatibus qui. Mollitia nobis sunt amet nam. Blanditiis consequatur id iusto dolor ab nostrum. Neque ipsam autem corrupti sint modi tempore occaecati. Molestiae non aut rem quaerat voluptatem rem optio et.', 2, '2018-07-18 18:15:33', '2018-07-18 18:15:33'),
(148, 38, 'Prof. Chester Huel', 'Sapiente voluptas aut recusandae qui nisi consectetur. Dolorum est sit iusto. Consequatur quidem veniam vel mollitia sit quae distinctio fugiat.', 3, '2018-07-18 18:15:33', '2018-07-18 18:15:33'),
(149, 23, 'Guy Schimmel', 'Nam a facilis vel explicabo. Dicta quisquam sed deserunt aliquid ratione id recusandae soluta. Aspernatur in sint et maiores.', 1, '2018-07-18 18:15:33', '2018-07-18 18:15:33'),
(150, 38, 'Geoffrey Moen', 'Placeat dignissimos aut debitis qui natus veniam ducimus sed. Nihil ratione ut numquam reprehenderit molestias. Et dolorum ea officia sint. Officiis fugit autem maiores praesentium.', 5, '2018-07-18 18:15:33', '2018-07-18 18:15:33'),
(151, 47, 'Natalie Turner', 'Qui mollitia dolor nobis dolor qui praesentium quos minima. Voluptate doloremque voluptatibus asperiores occaecati. Id ut sed voluptatem fugit temporibus.', 3, '2018-07-18 18:15:33', '2018-07-18 18:15:33'),
(152, 9, 'Norris Volkman', 'Voluptatem saepe ipsam molestias hic tenetur expedita aperiam. Et maiores dolor qui suscipit id quia a. Velit et id laboriosam quod iusto ab qui. Dicta eos fugiat ut voluptas cupiditate.', 0, '2018-07-18 18:15:33', '2018-07-18 18:15:33'),
(153, 25, 'Scot Torphy', 'Dolore unde laboriosam atque error at. Ut distinctio veniam et ut quia cupiditate. Nam doloremque illum molestiae occaecati. Est minus sint necessitatibus molestiae.', 2, '2018-07-18 18:15:33', '2018-07-18 18:15:33'),
(154, 10, 'Roslyn Gerhold', 'Quia dolorem voluptate ea quam non. Unde iure nesciunt ea maiores ab. Sit impedit quae repellat molestias ut et.', 5, '2018-07-18 18:15:33', '2018-07-18 18:15:33'),
(155, 1, 'Coby Feeney', 'Ex error natus fuga fugit. Et voluptate fugiat quos odio. Accusamus ducimus earum ex quia similique. Illum cupiditate quis vel atque.', 3, '2018-07-18 18:15:33', '2018-07-18 18:15:33'),
(156, 15, 'Clifford Feest IV', 'Aliquam numquam ex quasi autem. Id itaque aspernatur est vero. Quo fugiat maiores laborum non. Dolor consequatur non rerum numquam quisquam et nisi rem.', 2, '2018-07-18 18:15:33', '2018-07-18 18:15:33'),
(157, 43, 'Connor Lang', 'Nihil culpa dolor quo qui est aliquam optio harum. Ipsum aut et dolore architecto iste explicabo iusto. Nihil dolor quo labore qui.', 1, '2018-07-18 18:15:33', '2018-07-18 18:15:33'),
(158, 18, 'Mitchell Howe II', 'Quia nisi quas quo et consequatur qui. Aut numquam nesciunt numquam ratione id perspiciatis. Illum dicta est et. Excepturi explicabo nostrum id possimus quidem sapiente.', 1, '2018-07-18 18:15:33', '2018-07-18 18:15:33'),
(159, 42, 'Allison Purdy', 'Incidunt omnis impedit pariatur provident et. Qui nostrum ut ea aut ut impedit maiores. Animi quos dolorem sint est qui ratione facere.', 2, '2018-07-18 18:15:33', '2018-07-18 18:15:33'),
(160, 6, 'Prof. Breanne Denesik II', 'Recusandae non illum fugit id. Fugiat alias sunt autem provident ducimus. Voluptas sed est est in fugit repellendus.', 0, '2018-07-18 18:15:33', '2018-07-18 18:15:33'),
(161, 14, 'Prof. Graham Stehr II', 'Aliquam fugiat architecto officiis ea necessitatibus doloremque laudantium. Quibusdam in ratione labore qui iusto. Dolores voluptate provident earum.', 4, '2018-07-18 18:15:33', '2018-07-18 18:15:33'),
(162, 33, 'Lonie Lind', 'Consequatur vitae atque et ut dolorem repudiandae. Voluptas numquam sit sed laudantium consectetur id aliquid. Similique fuga nulla culpa iusto.', 0, '2018-07-18 18:15:33', '2018-07-18 18:15:33'),
(163, 37, 'Dr. Malcolm Stracke DVM', 'Et expedita eveniet voluptate fugit accusantium. Qui distinctio ut maiores. Illum temporibus excepturi aliquam.', 0, '2018-07-18 18:15:33', '2018-07-18 18:15:33'),
(164, 31, 'Miss Madge Osinski DDS', 'Praesentium velit incidunt qui aut. Totam et voluptatem et placeat qui itaque. Vel ipsa quibusdam voluptates quis consequatur minima aut. Qui aut nemo laboriosam deleniti deserunt amet sed.', 1, '2018-07-18 18:15:33', '2018-07-18 18:15:33'),
(165, 26, 'Fae Romaguera', 'Maiores ipsum placeat molestiae qui consequatur quis ipsa. Rem et totam molestias. Libero maxime quo sed aut. Labore laboriosam aliquid inventore fugiat consequuntur blanditiis.', 4, '2018-07-18 18:15:33', '2018-07-18 18:15:33'),
(166, 19, 'Johnathon Johns', 'Quidem nesciunt pariatur nobis. Vitae inventore eaque et necessitatibus. Sed voluptas molestiae aut quaerat quo accusamus.', 1, '2018-07-18 18:15:33', '2018-07-18 18:15:33'),
(167, 9, 'Dena Wolf', 'Impedit amet provident esse pariatur dignissimos. Debitis accusamus quia odit voluptatem eaque. Praesentium repudiandae corporis sed deserunt.', 5, '2018-07-18 18:15:34', '2018-07-18 18:15:34'),
(168, 45, 'Hobart Raynor', 'Non optio autem ut quo ad ipsum itaque. Maxime sapiente distinctio quod perferendis aut velit aperiam. Corporis quaerat iusto sit ut. Quos soluta ut quia possimus et.', 4, '2018-07-18 18:15:34', '2018-07-18 18:15:34'),
(169, 31, 'Mr. Mauricio Kuhn', 'Est consequatur consequatur quis assumenda ipsum atque non. Quo doloribus non ut modi exercitationem ad. Similique architecto et quia deleniti. Quae aliquid culpa maxime eos ut molestiae et. Aliquam ut quo quo modi saepe quo sed nobis.', 1, '2018-07-18 18:15:34', '2018-07-18 18:15:34'),
(170, 6, 'Lillian Nolan', 'Quis et ut sit odit nemo est temporibus. Est ut quod dicta deleniti esse voluptatum dignissimos. Laboriosam veritatis necessitatibus libero aut et velit. Recusandae molestiae enim officia perspiciatis.', 5, '2018-07-18 18:15:34', '2018-07-18 18:15:34'),
(171, 15, 'Jackie Kozey', 'Commodi sit vel nam accusamus laborum beatae quae. Minus et quam nihil expedita voluptatem. Optio sit qui molestiae pariatur dolor.', 1, '2018-07-18 18:15:34', '2018-07-18 18:15:34'),
(172, 36, 'Drew Waters PhD', 'Consequuntur assumenda perferendis nihil molestiae placeat eos animi. Inventore nam est quo aut dolorum exercitationem. Velit blanditiis tempore deleniti sit pariatur ut. Enim voluptatum illum beatae velit cum quibusdam voluptatem. Adipisci officia enim expedita eveniet earum.', 1, '2018-07-18 18:15:34', '2018-07-18 18:15:34'),
(173, 43, 'Lorna Aufderhar', 'Beatae incidunt labore incidunt et natus libero. Harum ea ut aut et quasi. Voluptatem et qui reiciendis.', 1, '2018-07-18 18:15:34', '2018-07-18 18:15:34'),
(174, 14, 'Mr. Quincy Runolfsdottir', 'Maiores alias eum error in praesentium. Laborum dolores ea architecto.', 5, '2018-07-18 18:15:34', '2018-07-18 18:15:34'),
(175, 20, 'Melyna Bauch', 'Minus voluptates fuga labore autem omnis aliquid. Exercitationem aliquid occaecati enim veritatis expedita eos optio. Est repellendus recusandae quisquam dignissimos nihil quaerat.', 1, '2018-07-18 18:15:34', '2018-07-18 18:15:34'),
(176, 17, 'Shakira McKenzie', 'Voluptatem et autem dicta doloremque adipisci ad in. In natus autem quasi iusto voluptas totam. Voluptas fuga quis ullam mollitia perferendis qui pariatur.', 4, '2018-07-18 18:15:34', '2018-07-18 18:15:34'),
(177, 26, 'Mrs. Trisha Welch', 'Consectetur sint distinctio vero et impedit voluptatem. Et est porro soluta excepturi et repudiandae itaque. Eveniet sit similique sed reiciendis ratione non quo.', 0, '2018-07-18 18:15:34', '2018-07-18 18:15:34'),
(178, 27, 'Salvatore Deckow', 'Omnis voluptas ut cum dolores est sint. Sint esse sed odit voluptatem labore. Ab et aliquid explicabo sed.', 5, '2018-07-18 18:15:34', '2018-07-18 18:15:34'),
(179, 1, 'Addie Pollich', 'A quidem incidunt ad laudantium in. Ut ut exercitationem eius quisquam voluptatum sit. Magnam repellat excepturi et esse. Voluptates et error quo tempora quas.', 3, '2018-07-18 18:15:34', '2018-07-18 18:15:34'),
(180, 20, 'Yvette Rodriguez', 'Debitis fuga est eos eum error consequatur corrupti commodi. Eum voluptas libero molestiae soluta ipsum placeat. Quos libero sunt alias consequuntur assumenda nam consequatur alias.', 4, '2018-07-18 18:15:34', '2018-07-18 18:15:34'),
(181, 39, 'Willow Moore', 'Vel fugiat vero nobis illo enim nobis enim. Vero quia quas et maiores fugiat facilis. Voluptatibus odit cupiditate commodi possimus eius. Occaecati ipsum dolor deleniti pariatur est error dolores.', 4, '2018-07-18 18:15:34', '2018-07-18 18:15:34'),
(182, 18, 'Prof. Nils Beatty', 'Omnis veniam cupiditate soluta non quo et occaecati. Modi earum eos maxime doloremque aut et. Provident tenetur rem consequatur amet. Maiores quia aut quae officia autem totam.', 0, '2018-07-18 18:15:34', '2018-07-18 18:15:34'),
(183, 35, 'Deanna Schmidt', 'Et corporis id ab culpa. Tempore ipsum esse nulla sunt dolorum vero et eos. Recusandae dolorem explicabo enim non velit harum libero.', 2, '2018-07-18 18:15:34', '2018-07-18 18:15:34'),
(184, 13, 'Lucinda Larson Sr.', 'Et quibusdam commodi hic qui cupiditate. Quis velit iure ipsam adipisci eum est aut tempora. Laboriosam ullam velit voluptates id reprehenderit hic aut.', 0, '2018-07-18 18:15:34', '2018-07-18 18:15:34'),
(185, 6, 'Sophie Fritsch', 'Exercitationem veritatis doloremque error sed. Minima temporibus nemo officia distinctio suscipit magni qui. Pariatur magni voluptatum blanditiis excepturi autem. Adipisci aut sint nihil.', 0, '2018-07-18 18:15:34', '2018-07-18 18:15:34'),
(186, 41, 'Prof. Hal Stehr', 'Omnis et soluta illo expedita illo. Dicta minus est et voluptates.', 0, '2018-07-18 18:15:34', '2018-07-18 18:15:34'),
(187, 25, 'Paolo Rippin', 'Repudiandae et nulla beatae assumenda nobis saepe. Consequatur et enim qui vel quaerat. Error voluptatem sequi quis quod.', 5, '2018-07-18 18:15:34', '2018-07-18 18:15:34'),
(188, 38, 'Moriah Fahey', 'Exercitationem fugiat officia amet. Quis sed officia ut pariatur. Quo et beatae atque culpa occaecati consectetur consequatur.', 2, '2018-07-18 18:15:34', '2018-07-18 18:15:34'),
(189, 22, 'Dayton Schaefer', 'Animi distinctio qui eius esse quia modi iste. Maxime perspiciatis consequatur aut consequatur temporibus. Incidunt aut illo similique quaerat est. Voluptatem possimus dolorem sunt voluptas impedit.', 5, '2018-07-18 18:15:34', '2018-07-18 18:15:34'),
(190, 20, 'Federico Kilback DVM', 'Placeat id eveniet sequi debitis voluptatem. Ab porro vel eum minima vel totam. Molestiae vel ut omnis nihil non.', 0, '2018-07-18 18:15:34', '2018-07-18 18:15:34'),
(191, 30, 'Mr. Chesley Smith', 'Occaecati aut voluptates quos et. Sint ut dignissimos necessitatibus voluptatibus et officia. Perferendis perspiciatis architecto nisi voluptate. Et dolores minima qui nihil.', 4, '2018-07-18 18:15:34', '2018-07-18 18:15:34'),
(192, 28, 'Maurine Lindgren', 'Non maxime quia cumque nesciunt cum alias. Doloribus nihil expedita dolores corrupti sunt nihil. Quibusdam laudantium neque qui voluptas dignissimos voluptas et neque. Nihil est corrupti ullam.', 5, '2018-07-18 18:15:34', '2018-07-18 18:15:34'),
(193, 7, 'Miss Hermina Rowe DVM', 'Odit magni et sunt non ducimus modi. Consequuntur iure amet non. Accusamus sed non et doloribus nihil aut ut veniam.', 1, '2018-07-18 18:15:34', '2018-07-18 18:15:34'),
(194, 11, 'Prof. Sedrick Hagenes Sr.', 'Deserunt neque ab blanditiis qui reprehenderit quis quo omnis. Aperiam cum nobis accusantium quia neque vitae aut repellat. Maiores eum id similique reiciendis laboriosam.', 2, '2018-07-18 18:15:34', '2018-07-18 18:15:34'),
(195, 46, 'Prof. Nils Sporer', 'Ad sequi aut debitis sed aliquam excepturi. Explicabo quo est doloribus est alias. Nisi eius provident repellendus non maiores. Repellat quam molestias molestiae eos ut harum accusantium aut.', 3, '2018-07-18 18:15:34', '2018-07-18 18:15:34'),
(196, 18, 'Javier King V', 'Porro voluptas qui autem repellendus rerum. Cupiditate at cum odio quidem aperiam ullam. Autem omnis ut incidunt cumque soluta et aut. Id nihil laborum quia laboriosam animi in. Dolore aut dicta ex atque doloremque dolor fugit.', 5, '2018-07-18 18:15:34', '2018-07-18 18:15:34'),
(197, 17, 'Vergie Lowe', 'Sit necessitatibus et voluptatum aspernatur omnis voluptate magni et. Est maxime quia pariatur quia quidem. Natus enim necessitatibus ut omnis modi ut natus. Esse nihil magni quis.', 5, '2018-07-18 18:15:35', '2018-07-18 18:15:35'),
(198, 37, 'Ross Bergnaum MD', 'Architecto explicabo nostrum asperiores dignissimos qui dolore a. Dolorum excepturi sunt tempora aut. Sunt architecto et molestiae nulla quod sapiente.', 0, '2018-07-18 18:15:35', '2018-07-18 18:15:35'),
(199, 24, 'Ms. Agustina Mann', 'Consectetur sapiente ea cumque ea. Et eos eum et aperiam. Eius sapiente distinctio voluptatem voluptatum ipsa.', 2, '2018-07-18 18:15:35', '2018-07-18 18:15:35'),
(200, 1, 'Duncan Murphy', 'Error optio aut laboriosam sed nulla non placeat. Sequi voluptatem a aut similique tenetur quidem. Voluptatem reiciendis ipsa expedita aspernatur asperiores delectus eveniet voluptatibus.', 5, '2018-07-18 18:15:35', '2018-07-18 18:15:35'),
(201, 39, 'Hobart Kohler', 'Sit totam praesentium minus sunt nisi totam recusandae. Quidem cumque aperiam eveniet non omnis. Excepturi dolores optio quasi a voluptatem.', 4, '2018-07-18 18:15:35', '2018-07-18 18:15:35'),
(202, 50, 'Samantha Dooley', 'Magni laboriosam beatae sed. Voluptas illo ut omnis optio distinctio. Perspiciatis doloremque consequatur quia quisquam.', 0, '2018-07-18 18:15:35', '2018-07-18 18:15:35'),
(203, 10, 'Asia Williamson II', 'Et possimus quis mollitia dolorem. Nam expedita eum recusandae qui.', 5, '2018-07-18 18:15:35', '2018-07-18 18:15:35'),
(204, 48, 'Rodolfo Considine', 'Et quisquam tempore esse eaque. Voluptatem aliquid omnis magni fuga debitis dolorem debitis. Delectus nulla nobis velit id recusandae recusandae harum. Accusamus recusandae sed numquam autem ut.', 0, '2018-07-18 18:15:35', '2018-07-18 18:15:35'),
(205, 24, 'Prof. Estelle Parker Jr.', 'Voluptate eum ab explicabo labore. Est occaecati est et non vero eos. Nemo ut dicta id sed sequi atque. Et corrupti quibusdam cum ipsa.', 5, '2018-07-18 18:15:35', '2018-07-18 18:15:35'),
(206, 42, 'Mr. Erling Daniel', 'Harum consequatur delectus nulla corporis architecto consequatur error inventore. Ipsum voluptate distinctio quis est eos voluptas ad. Et non ullam ut sunt ipsam omnis et. Ut aliquam qui saepe autem vero.', 5, '2018-07-18 18:15:35', '2018-07-18 18:15:35'),
(207, 28, 'Annie Gibson', 'Deleniti dolorem dolore doloribus eos. Ipsam nostrum beatae nihil dolor in. Sit consequuntur ex qui est dolorem et. Error laudantium similique minima sint sit.', 2, '2018-07-18 18:15:35', '2018-07-18 18:15:35'),
(208, 6, 'Marcel Heaney', 'Non voluptates eligendi vitae repellendus. Dolor aliquam exercitationem maiores omnis maiores qui molestias. Sint sunt rerum accusantium tenetur nesciunt sint est.', 4, '2018-07-18 18:15:35', '2018-07-18 18:15:35'),
(209, 40, 'Joesph Waters V', 'Accusamus officiis voluptate perferendis hic laudantium ut. Omnis aliquid in totam fugit et. Saepe porro reprehenderit voluptas qui.', 3, '2018-07-18 18:15:35', '2018-07-18 18:15:35');
INSERT INTO `reviews` (`id`, `product_id`, `customer`, `review`, `star`, `created_at`, `updated_at`) VALUES
(210, 39, 'Richmond Veum', 'Fugit omnis quis aspernatur deserunt temporibus ea incidunt sit. Dolorum saepe minus omnis dolor provident maxime illum. Expedita quo est quam voluptatem et quibusdam voluptatibus dolorem. Corporis ut rerum ipsam et est eius.', 3, '2018-07-18 18:15:35', '2018-07-18 18:15:35'),
(211, 8, 'Janice Howell', 'Et impedit explicabo omnis nihil dolores et maiores vel. Quibusdam ea commodi rerum voluptatem. Illum sint iure qui molestias ratione sit ducimus.', 5, '2018-07-18 18:15:35', '2018-07-18 18:15:35'),
(212, 46, 'Anya Bayer', 'Earum doloribus magnam doloremque quae ipsam ratione. Nihil magnam ut incidunt. Et sint ut et dolorem.', 5, '2018-07-18 18:15:35', '2018-07-18 18:15:35'),
(213, 21, 'Marlee Schmitt', 'Ratione impedit voluptatem non libero aut asperiores. Et quae id magnam consequatur vel quia placeat. Dolorum eum alias quas tempore suscipit eos officiis.', 1, '2018-07-18 18:15:35', '2018-07-18 18:15:35'),
(214, 6, 'Anibal Luettgen', 'Rem quaerat explicabo repellat. Sunt atque deserunt qui voluptates ad accusantium. Quas repudiandae et harum praesentium nostrum quis officiis. Expedita quisquam aut quidem commodi enim sit atque.', 1, '2018-07-18 18:15:35', '2018-07-18 18:15:35'),
(215, 38, 'Laverne Spencer', 'Reiciendis laboriosam rerum debitis laudantium. Corporis cupiditate quia et laborum. Ullam labore ratione explicabo nobis ut adipisci. Corrupti ipsum voluptatem animi rerum.', 3, '2018-07-18 18:15:35', '2018-07-18 18:15:35'),
(216, 16, 'Yessenia Bergstrom', 'Iure ratione debitis mollitia reiciendis. Voluptates ad quisquam dolorem doloribus minus qui. Et voluptate eligendi consequatur nemo nihil.', 1, '2018-07-18 18:15:35', '2018-07-18 18:15:35'),
(217, 12, 'Dr. Litzy Pfeffer Jr.', 'Maxime in accusantium dolorem. Similique quis et asperiores mollitia ullam vel est. Nobis in ipsa quae. Nihil maiores adipisci perspiciatis quidem nemo qui perspiciatis.', 4, '2018-07-18 18:15:35', '2018-07-18 18:15:35'),
(218, 8, 'Laney Will', 'Exercitationem quas eius maiores. Amet laborum ducimus in placeat dicta voluptatem culpa. Id molestiae omnis consequatur possimus est est nemo explicabo. Ea est omnis et cupiditate ab. Provident ducimus vero ducimus sit ad nam.', 0, '2018-07-18 18:15:35', '2018-07-18 18:15:35'),
(219, 39, 'Mohammad Connelly', 'Ipsum in harum doloribus. Eos dolore maxime facilis minima. Fuga adipisci sunt error molestiae doloribus veritatis.', 2, '2018-07-18 18:15:35', '2018-07-18 18:15:35'),
(220, 9, 'Dr. Christiana Zemlak III', 'Distinctio aut nostrum consequatur ratione perferendis quis unde. Officia ex est mollitia non. Beatae ut rerum ut. Esse perspiciatis sint eius.', 5, '2018-07-18 18:15:35', '2018-07-18 18:15:35'),
(221, 12, 'Mr. Roderick Cole IV', 'Architecto id quia numquam. Harum laboriosam reiciendis quia quia. Est ducimus velit cupiditate animi aperiam. Optio est sunt magnam officiis sequi quaerat.', 2, '2018-07-18 18:15:35', '2018-07-18 18:15:35'),
(222, 33, 'Adolf Koss PhD', 'Repellat sed numquam rerum animi recusandae earum illo commodi. Rerum blanditiis omnis eaque voluptas unde. Perferendis explicabo aliquid aperiam atque velit qui accusantium ut. Doloremque voluptates velit debitis fuga et dicta enim atque.', 3, '2018-07-18 18:15:35', '2018-07-18 18:15:35'),
(223, 13, 'Reyna Macejkovic', 'Nulla nesciunt praesentium facere impedit omnis quo nemo. Velit tempora vel repellat debitis ut dolor. Quisquam culpa optio fugit sit. Commodi animi quis ab perspiciatis quia illum.', 1, '2018-07-18 18:15:35', '2018-07-18 18:15:35'),
(224, 5, 'Maggie Witting', 'Est vero quasi consequuntur sed itaque. Voluptatibus iusto error doloribus. Eos est numquam ea est iure quo qui.', 2, '2018-07-18 18:15:35', '2018-07-18 18:15:35'),
(225, 41, 'Dr. Jermey Rempel', 'Id id quibusdam sed. Odit eligendi dolores temporibus dolor cupiditate unde et. Dicta dolorum deleniti natus hic quos aut necessitatibus optio.', 0, '2018-07-18 18:15:35', '2018-07-18 18:15:35'),
(226, 18, 'Orrin Sauer Sr.', 'Nihil sed molestias dolor excepturi. Vel deleniti pariatur libero et veritatis eveniet non. Eum ex doloribus qui quia.', 2, '2018-07-18 18:15:35', '2018-07-18 18:15:35'),
(227, 41, 'Gerda Cruickshank', 'Nihil natus dolorem omnis qui magni assumenda repellendus. Iste enim voluptates impedit ut. Tenetur et sint quis. Similique accusamus quia quibusdam delectus.', 1, '2018-07-18 18:15:35', '2018-07-18 18:15:35'),
(228, 14, 'Dr. Flavie Beier V', 'Velit praesentium culpa adipisci laboriosam nobis ratione a. Est omnis tempore laborum iste qui soluta exercitationem. Ipsam expedita perferendis eaque qui. Quo nulla numquam quia omnis eum quae aut.', 5, '2018-07-18 18:15:35', '2018-07-18 18:15:35'),
(229, 6, 'Madie Farrell III', 'Quo omnis sunt omnis corporis omnis at ipsam id. Occaecati illum est ullam occaecati est voluptates. Animi natus omnis illo aut dolorum eum voluptas. Doloribus dolorem explicabo velit provident.', 2, '2018-07-18 18:15:35', '2018-07-18 18:15:35'),
(230, 10, 'Randi Rutherford', 'Non unde omnis et quia. Dolor rerum cum hic asperiores excepturi quo nobis. Est laboriosam blanditiis illum voluptas ea quam incidunt. Rerum maxime facilis harum occaecati est ullam. Laudantium saepe aut aut animi consequatur veritatis est.', 1, '2018-07-18 18:15:36', '2018-07-18 18:15:36'),
(231, 33, 'Mrs. Jeanne Beer', 'Quia dolorem quae sed sapiente quae pariatur. Consequuntur nam pariatur vero ipsum id. Et reprehenderit fugiat harum corrupti adipisci quia vel ut.', 5, '2018-07-18 18:15:36', '2018-07-18 18:15:36'),
(232, 1, 'Ms. Susan Reichert PhD', 'Perspiciatis pariatur veniam molestias ut voluptas qui. Placeat et qui dolores nesciunt vero dolore expedita. Rerum quidem non beatae iure recusandae. Eius accusamus incidunt voluptatum qui aut.', 1, '2018-07-18 18:15:36', '2018-07-18 18:15:36'),
(233, 22, 'Beth O\'Keefe', 'Voluptatem eum sed mollitia harum. Voluptatibus sit iusto deleniti officia. Explicabo nulla doloremque placeat rerum. Autem dolore distinctio accusamus rerum consequatur.', 2, '2018-07-18 18:15:36', '2018-07-18 18:15:36'),
(234, 1, 'Braxton Kassulke Jr.', 'Deserunt sapiente exercitationem deserunt rem cupiditate ex ut inventore. Ea delectus adipisci porro fugit repellendus. Et autem deleniti dolor temporibus rerum itaque.', 4, '2018-07-18 18:15:36', '2018-07-18 18:15:36'),
(235, 8, 'Myron White', 'Ut praesentium vel blanditiis sint. Fugit sed aspernatur quis et pariatur. Rerum dicta officiis unde voluptates doloribus. Hic tenetur eaque ut autem voluptatibus ad. Illum exercitationem non maiores ut quia minus quia.', 4, '2018-07-18 18:15:36', '2018-07-18 18:15:36'),
(236, 10, 'Prof. Hayden Berge DVM', 'Inventore aliquam distinctio voluptas qui in. Odio et nihil dolor aut totam est ut. Nulla velit sint laboriosam voluptas maxime harum.', 0, '2018-07-18 18:15:36', '2018-07-18 18:15:36'),
(237, 37, 'Tatyana Rohan', 'Assumenda eum enim aut suscipit sed culpa. Sint atque eos neque earum quia. Ipsum et reprehenderit ex nisi est rerum consequatur eum. Fugit rem qui laborum quidem.', 0, '2018-07-18 18:15:36', '2018-07-18 18:15:36'),
(238, 41, 'Bethany McCullough', 'Praesentium et et autem dolor et quis eveniet. Corporis necessitatibus magni laboriosam odit placeat aut. Eos iste dolore voluptate deserunt non. Impedit quis voluptates officia.', 2, '2018-07-18 18:15:36', '2018-07-18 18:15:36'),
(239, 2, 'Jacinto Morissette', 'Quia accusamus sunt assumenda aut qui inventore. Et impedit quia corporis ut quasi. Cumque ut voluptatem repellendus adipisci deleniti.', 0, '2018-07-18 18:15:36', '2018-07-18 18:15:36'),
(240, 17, 'Ms. Brigitte Schiller DVM', 'Deleniti pariatur hic tenetur architecto. Ut est eum eius qui aperiam. Eum aut est ipsa voluptas nihil velit.', 1, '2018-07-18 18:15:36', '2018-07-18 18:15:36'),
(241, 28, 'Trever Bergnaum', 'Atque excepturi placeat ullam placeat aut. Saepe minus enim et omnis temporibus atque. Ut est qui aut. Enim sunt aperiam sit animi sint natus hic. Et in est ut ut hic.', 2, '2018-07-18 18:15:36', '2018-07-18 18:15:36'),
(242, 49, 'Mrs. Sandy Emmerich V', 'Ullam placeat neque dolor esse. Deleniti perspiciatis eos eum nostrum et tempore suscipit ex. Aliquam voluptatum est voluptatem.', 0, '2018-07-18 18:15:36', '2018-07-18 18:15:36'),
(243, 28, 'Deanna Conroy', 'Dolorem ducimus itaque sed magni inventore qui qui. Praesentium maiores optio sit illum. Vel eum dolores repellendus quis a.', 3, '2018-07-18 18:15:36', '2018-07-18 18:15:36'),
(244, 14, 'Dianna Luettgen', 'Beatae inventore sequi corporis ut animi. Consequatur quaerat exercitationem quis iusto recusandae rerum illo. Et consectetur fugiat impedit consequuntur voluptatum quia. Quos dolores quia aperiam qui quis sit.', 3, '2018-07-18 18:15:36', '2018-07-18 18:15:36'),
(245, 34, 'Mr. Trever Schoen', 'Dignissimos ipsum neque ipsum voluptas et qui officia. Sed repudiandae expedita molestiae cupiditate labore quas necessitatibus. Esse ex cumque et est.', 1, '2018-07-18 18:15:36', '2018-07-18 18:15:36'),
(246, 1, 'Kariane Rosenbaum', 'Accusantium explicabo et enim sit reiciendis molestiae voluptatem. Et ab eaque qui accusantium. Commodi dicta inventore eum facere provident.', 3, '2018-07-18 18:15:36', '2018-07-18 18:15:36'),
(247, 27, 'Adrain Wiegand', 'Et quia qui velit alias rem reiciendis voluptas amet. Qui rem vero in voluptatem quam voluptatum eius. Amet minima quam ea ut veniam cumque aut.', 5, '2018-07-18 18:15:36', '2018-07-18 18:15:36'),
(248, 9, 'Tania Funk', 'Ex laboriosam dolores ut quam eaque officia. Illo iure et est mollitia laudantium animi omnis.', 3, '2018-07-18 18:15:36', '2018-07-18 18:15:36'),
(249, 8, 'Mrs. Cristal Rutherford Sr.', 'Magni omnis eveniet dignissimos quis consequuntur. Aut dolor cumque dolore architecto repudiandae modi et enim. Perferendis facere similique quaerat ratione vitae.', 0, '2018-07-18 18:15:36', '2018-07-18 18:15:36'),
(250, 21, 'Karlee Howell', 'Quasi et ut iure architecto omnis. Nesciunt aperiam quia voluptas ducimus voluptatem qui. Est ex officiis nesciunt cum. Quaerat iste qui deserunt deserunt facere. Omnis magni fugiat qui.', 3, '2018-07-18 18:15:36', '2018-07-18 18:15:36'),
(251, 16, 'Rosario White', 'Doloribus aut eaque voluptatibus ut cum. Ut reiciendis et rem. Ex dolores quasi eveniet necessitatibus.', 0, '2018-07-18 18:15:36', '2018-07-18 18:15:36'),
(252, 29, 'Hassan Gerhold', 'Voluptas ipsa inventore commodi necessitatibus blanditiis. Itaque iste consectetur repellendus nam earum nihil. Maiores pariatur nihil tempore aut nisi consequatur.', 5, '2018-07-18 18:15:36', '2018-07-18 18:15:36'),
(253, 50, 'Onie Murray', 'Et dolorem sint qui excepturi consequuntur. Aperiam ut ullam velit eaque consequatur autem ad quo. At sed cumque eaque similique odit aut temporibus.', 0, '2018-07-18 18:15:36', '2018-07-18 18:15:36'),
(254, 13, 'Dr. Jerrod Ziemann', 'Vitae saepe autem voluptates ut ipsam. Eos et quis sunt at reiciendis cumque. Reiciendis numquam repudiandae reiciendis ut. Maxime et perspiciatis doloribus natus quia tempore debitis.', 1, '2018-07-18 18:15:37', '2018-07-18 18:15:37'),
(255, 32, 'Beth Kohler', 'Quis et inventore officiis. Voluptas quam ea temporibus itaque. Id quidem impedit dolor molestiae facere dolor. Consequatur rem itaque iste eligendi. Totam dolorem rem et.', 5, '2018-07-18 18:15:37', '2018-07-18 18:15:37'),
(256, 18, 'Josephine Schamberger II', 'Est sint quia modi inventore et. Iste corporis inventore ad ut maiores ea.', 0, '2018-07-18 18:15:37', '2018-07-18 18:15:37'),
(257, 2, 'Jaylen Kovacek I', 'Ut explicabo qui ea et odio quidem ut. Voluptatibus voluptatem sequi eius qui quia porro. Quia fugit totam ipsa ipsam quo. Et dolorem nisi distinctio debitis.', 4, '2018-07-18 18:15:37', '2018-07-18 18:15:37'),
(258, 6, 'Werner Prosacco', 'Illum magni quia molestias eaque ea animi qui doloribus. Sed ullam dolorum molestiae ut odit dolor. Asperiores iusto repellendus magnam facere cum.', 5, '2018-07-18 18:15:37', '2018-07-18 18:15:37'),
(259, 28, 'Schuyler Rau', 'Ut iure itaque quas recusandae ut. Vel est ut voluptate dolorum autem esse exercitationem. Sed et et inventore sint accusamus mollitia qui. Eius unde atque ipsa quaerat ad praesentium.', 1, '2018-07-18 18:15:37', '2018-07-18 18:15:37'),
(260, 21, 'Sigmund Ferry', 'Qui velit minus repudiandae at. Vel sunt iste quas. Ex maxime molestiae ipsam. Exercitationem non maiores ratione omnis dolores.', 2, '2018-07-18 18:15:37', '2018-07-18 18:15:37'),
(261, 14, 'Mallie Beier', 'Qui ex qui facere natus. Rerum possimus amet deleniti et nemo ut animi enim. Ad qui rerum et quis corporis eos aspernatur. Rerum rem et laboriosam molestiae amet.', 2, '2018-07-18 18:15:37', '2018-07-18 18:15:37'),
(262, 7, 'Prof. Joan VonRueden', 'Ut qui laborum ut perferendis architecto dicta voluptates. Rem vero aut et perspiciatis ducimus in. Autem ea cupiditate voluptas vitae quasi.', 4, '2018-07-18 18:15:37', '2018-07-18 18:15:37'),
(263, 38, 'Dr. Mustafa Wuckert IV', 'Est aliquid non quibusdam rem sed corrupti porro. Ea neque vitae tempore velit. Similique qui dolorum quo molestias.', 1, '2018-07-18 18:15:37', '2018-07-18 18:15:37'),
(264, 11, 'Dr. Julio Hammes', 'Delectus magnam commodi possimus quasi exercitationem possimus autem. Ut cumque ratione suscipit vero quibusdam. Est aliquam explicabo laborum. Ut velit dolores at optio pariatur et.', 0, '2018-07-18 18:15:37', '2018-07-18 18:15:37'),
(265, 29, 'Prof. Alek Donnelly', 'Distinctio sint ipsum sit quaerat id explicabo dolore. Eum et tempora ipsam vel unde voluptas assumenda. Eum qui qui inventore officiis fuga beatae perspiciatis.', 1, '2018-07-18 18:15:37', '2018-07-18 18:15:37'),
(266, 18, 'Otha Anderson', 'Corporis praesentium laboriosam deserunt molestiae doloremque facilis. Praesentium hic sit provident non.', 4, '2018-07-18 18:15:37', '2018-07-18 18:15:37'),
(267, 31, 'Otho Wisoky', 'Incidunt atque ut rerum amet nam tempore quia molestias. Natus vel enim officiis dolor laboriosam accusantium consequatur ut. Asperiores animi quia pariatur pariatur.', 2, '2018-07-18 18:15:37', '2018-07-18 18:15:37'),
(268, 44, 'Dr. Augusta Okuneva', 'Sit molestias optio labore non alias quasi. Aut eveniet eum velit. Neque quisquam eum dicta libero.', 0, '2018-07-18 18:15:37', '2018-07-18 18:15:37'),
(269, 9, 'Miss Darby Larkin III', 'Non tempore laborum beatae dicta aperiam velit fuga. Qui id ut quia amet.', 2, '2018-07-18 18:15:37', '2018-07-18 18:15:37'),
(270, 48, 'Moses Ryan', 'Quas aperiam qui ipsum sit in in quidem. Dolorum voluptatum earum itaque praesentium saepe. Omnis voluptas sed accusantium expedita rem.', 5, '2018-07-18 18:15:37', '2018-07-18 18:15:37'),
(271, 33, 'Mr. Derek Stokes', 'Expedita iusto reiciendis rem animi. Temporibus architecto qui porro iusto. Voluptate sint ut quam et. Tenetur doloremque culpa exercitationem perferendis est est.', 5, '2018-07-18 18:15:37', '2018-07-18 18:15:37'),
(272, 44, 'Monique O\'Kon Sr.', 'Sit ea sint aspernatur aperiam. Dolorum fugit eos cupiditate est ipsam numquam autem sequi. Sit qui et praesentium ratione repellendus maxime libero.', 3, '2018-07-18 18:15:37', '2018-07-18 18:15:37'),
(273, 4, 'Ardith Kilback DDS', 'Aut quo voluptatem numquam saepe. Iste quis est repellat voluptatibus facilis voluptatem accusamus. Eum rerum ut nihil quis est est voluptas. In tenetur perferendis a voluptatibus enim reiciendis.', 5, '2018-07-18 18:15:37', '2018-07-18 18:15:37'),
(274, 49, 'Letitia Stehr V', 'Porro autem suscipit assumenda sint enim aut perspiciatis. Necessitatibus iste magnam temporibus ut. Tempore adipisci alias facilis dolorem tempore pariatur.', 4, '2018-07-18 18:15:37', '2018-07-18 18:15:37'),
(275, 14, 'Audra Goodwin DVM', 'Totam expedita qui corrupti qui earum error molestiae quia. Est et rerum officiis. Molestiae mollitia qui iste deserunt dicta dolor illo. Facilis corrupti provident voluptatum sunt dicta vero. Esse repudiandae vel aut molestias exercitationem perferendis.', 0, '2018-07-18 18:15:37', '2018-07-18 18:15:37'),
(276, 23, 'Jesus Schinner', 'Ea ipsam ipsum sint non. Deleniti ipsum exercitationem officiis placeat.', 1, '2018-07-18 18:15:37', '2018-07-18 18:15:37'),
(277, 9, 'Beverly Monahan', 'Sunt et maxime quo occaecati quos voluptates. Eveniet voluptatum explicabo aut distinctio. Amet quidem reprehenderit sed similique hic.', 1, '2018-07-18 18:15:37', '2018-07-18 18:15:37'),
(278, 6, 'Derrick Schowalter I', 'Qui dolores nemo pariatur et quis maiores ducimus. Autem distinctio necessitatibus autem atque voluptatem. Rerum veniam hic eum distinctio earum voluptas eligendi. Doloribus commodi sit est ratione qui similique necessitatibus unde. Est architecto rerum est est.', 4, '2018-07-18 18:15:37', '2018-07-18 18:15:37'),
(279, 17, 'Ara Herman', 'Iste veritatis est ipsum officiis et. Velit maiores perferendis aut fugit. Non distinctio et quia sequi enim. Rem voluptatem totam sequi ipsa.', 0, '2018-07-18 18:15:37', '2018-07-18 18:15:37'),
(280, 28, 'Lorena Dibbert', 'Dignissimos ut aut quos tenetur harum consequatur assumenda. Omnis minima nihil excepturi accusamus voluptas consequuntur animi. Quae quidem qui et et ea.', 1, '2018-07-18 18:15:37', '2018-07-18 18:15:37'),
(281, 43, 'Prof. Bulah Block', 'Suscipit nihil consequuntur omnis nemo est occaecati nulla. Et cum incidunt quo est voluptatem quas qui. Numquam tempore quis quae dignissimos hic officia et.', 0, '2018-07-18 18:15:37', '2018-07-18 18:15:37'),
(282, 48, 'Mr. Dayne Hand', 'Adipisci nulla enim veniam voluptatem. Inventore aut eveniet eveniet. Optio sint amet fugit vero. Aut vel est nisi et. Ea et mollitia ut tempora dolores sequi qui.', 0, '2018-07-18 18:15:38', '2018-07-18 18:15:38'),
(283, 8, 'Zita Runte', 'Ab dolorem enim maxime quam adipisci qui perspiciatis. Necessitatibus est molestiae accusantium nesciunt. Ipsa et dolor veniam architecto qui voluptates harum id.', 2, '2018-07-18 18:15:38', '2018-07-18 18:15:38'),
(284, 45, 'Mrs. Ozella Gusikowski', 'Dolores et sint expedita officia. Sit repudiandae non sed voluptatum aliquam nemo eos. Asperiores repudiandae quos accusamus rerum vel magni ea. In molestias quibusdam commodi possimus expedita rerum animi enim.', 1, '2018-07-18 18:15:38', '2018-07-18 18:15:38'),
(285, 1, 'Prof. Leland Botsford Sr.', 'Sunt facilis consequatur minus exercitationem. Beatae consequatur repudiandae quia nam. Et nisi repellat nemo molestiae. Et nihil et fugiat occaecati rerum.', 5, '2018-07-18 18:15:38', '2018-07-18 18:15:38'),
(286, 12, 'Zoie Bode V', 'Praesentium corrupti saepe dolor vel aut nostrum autem. Earum esse harum sunt distinctio tempore itaque commodi. Odio aperiam eum dolorem nihil aliquid magni magnam. Nisi molestiae repellat laboriosam optio temporibus reprehenderit iusto molestiae.', 3, '2018-07-18 18:15:38', '2018-07-18 18:15:38'),
(287, 46, 'Zetta Schiller IV', 'Asperiores blanditiis sapiente maxime omnis et nemo quae ipsam. Sit molestias officia quasi reiciendis culpa. Ducimus quod dicta ratione explicabo pariatur. Distinctio temporibus numquam nemo. Perferendis ipsum saepe nostrum quis recusandae sed excepturi.', 1, '2018-07-18 18:15:38', '2018-07-18 18:15:38'),
(288, 38, 'Gabe Hilpert', 'Voluptates voluptatem ut saepe qui accusantium. Ut ducimus est et quae quia sunt delectus. Vero nesciunt in architecto sint et non.', 2, '2018-07-18 18:15:38', '2018-07-18 18:15:38'),
(289, 38, 'Dr. Angie Schoen', 'Necessitatibus tempore quo distinctio molestiae aut eius quia. Exercitationem cumque exercitationem maxime cum molestias molestiae. Quia minima quia eum. Expedita totam rerum iure at tempore deleniti id facere.', 0, '2018-07-18 18:15:38', '2018-07-18 18:15:38'),
(290, 20, 'Dr. Junior Schaden I', 'Sint ut totam veniam. Magni corporis est aliquam incidunt quidem. Qui quasi rem eos.', 5, '2018-07-18 18:15:38', '2018-07-18 18:15:38'),
(291, 35, 'Demetris Bayer', 'Vel sit vero sequi dolores voluptas dolores aut. Dolorem accusamus iste quos. Quisquam maxime et totam in dolorem quaerat officia. Vel vel accusamus ea id iusto.', 4, '2018-07-18 18:15:38', '2018-07-18 18:15:38'),
(292, 46, 'Juliana Rippin', 'Accusantium perferendis optio quasi at commodi distinctio. Velit qui aut eum et quam ullam autem. Enim aut temporibus incidunt. Consequatur mollitia in sed voluptates neque aut.', 5, '2018-07-18 18:15:38', '2018-07-18 18:15:38'),
(293, 45, 'Mr. Bobby Dickens V', 'Aspernatur cumque maxime nobis possimus facere magnam repellat. Quasi fuga voluptas corrupti qui. Architecto accusantium repudiandae consequatur nobis beatae dolor rerum. Aut numquam et eum accusamus.', 5, '2018-07-18 18:15:38', '2018-07-18 18:15:38'),
(294, 21, 'Jordi Volkman', 'Possimus consequatur occaecati aspernatur qui nostrum. Sunt eos officiis qui est sed vel quasi. Est debitis provident aut quo inventore rerum quasi iste. Eius ratione maiores perspiciatis perspiciatis.', 5, '2018-07-18 18:15:38', '2018-07-18 18:15:38'),
(295, 5, 'Nickolas Jacobi', 'Ab dolorem ut aut perspiciatis perspiciatis aut. Ipsam ut distinctio ad et explicabo dolores eveniet. Voluptas cumque magnam culpa est.', 4, '2018-07-18 18:15:38', '2018-07-18 18:15:38'),
(296, 35, 'Zackary Kemmer', 'Repudiandae rem distinctio officiis tenetur. Adipisci ex velit aut incidunt pariatur ut expedita. Delectus sed fuga tempora reiciendis ex aut consectetur occaecati. Ut quos dolore sint corrupti dolor. Ut amet eos debitis aut.', 1, '2018-07-18 18:15:38', '2018-07-18 18:15:38'),
(297, 46, 'Nichole Kemmer', 'Et assumenda assumenda aperiam necessitatibus eius in quaerat. Pariatur vitae commodi sit quod rerum ut rerum.', 1, '2018-07-18 18:15:38', '2018-07-18 18:15:38'),
(298, 10, 'Quinton Sporer', 'Iste ut at eos ut expedita voluptas ipsa voluptatum. Ipsam quia quis est repellendus distinctio. Omnis ex voluptatem perferendis nostrum.', 0, '2018-07-18 18:15:38', '2018-07-18 18:15:38'),
(299, 38, 'Dr. Gabriel O\'Kon IV', 'Deleniti vel deleniti in eius sunt odio voluptas. Et aut voluptatibus qui quo non cum repudiandae. Temporibus voluptatem doloribus velit pariatur ipsam.', 1, '2018-07-18 18:15:38', '2018-07-18 18:15:38'),
(300, 27, 'Rudy Trantow', 'Sint animi minus molestias quia. Iusto velit iusto saepe enim. Qui voluptas consequatur exercitationem dolor veniam. Rem aut natus maxime aut ipsa magnam temporibus. Ut perferendis consequatur at nulla commodi.', 0, '2018-07-18 18:15:38', '2018-07-18 18:15:38');

-- --------------------------------------------------------

--
-- Table structure for table `users`
--

CREATE TABLE `users` (
  `id` int(10) UNSIGNED NOT NULL,
  `name` varchar(191) COLLATE utf8mb4_unicode_ci NOT NULL,
  `email` varchar(191) COLLATE utf8mb4_unicode_ci NOT NULL,
  `password` varchar(191) COLLATE utf8mb4_unicode_ci NOT NULL,
  `remember_token` varchar(100) COLLATE utf8mb4_unicode_ci DEFAULT NULL,
  `created_at` timestamp NULL DEFAULT NULL,
  `updated_at` timestamp NULL DEFAULT NULL
) ENGINE=InnoDB DEFAULT CHARSET=utf8mb4 COLLATE=utf8mb4_unicode_ci;

--
-- Indexes for dumped tables
--

--
-- Indexes for table `migrations`
--
ALTER TABLE `migrations`
  ADD PRIMARY KEY (`id`);

--
-- Indexes for table `password_resets`
--
ALTER TABLE `password_resets`
  ADD KEY `password_resets_email_index` (`email`);

--
-- Indexes for table `products`
--
ALTER TABLE `products`
  ADD PRIMARY KEY (`id`);

--
-- Indexes for table `reviews`
--
ALTER TABLE `reviews`
  ADD PRIMARY KEY (`id`),
  ADD KEY `reviews_product_id_index` (`product_id`);

--
-- Indexes for table `users`
--
ALTER TABLE `users`
  ADD PRIMARY KEY (`id`),
  ADD UNIQUE KEY `users_email_unique` (`email`);

--
-- AUTO_INCREMENT for dumped tables
--

--
-- AUTO_INCREMENT for table `migrations`
--
ALTER TABLE `migrations`
  MODIFY `id` int(10) UNSIGNED NOT NULL AUTO_INCREMENT, AUTO_INCREMENT=5;

--
-- AUTO_INCREMENT for table `products`
--
ALTER TABLE `products`
  MODIFY `id` int(10) UNSIGNED NOT NULL AUTO_INCREMENT, AUTO_INCREMENT=51;

--
-- AUTO_INCREMENT for table `reviews`
--
ALTER TABLE `reviews`
  MODIFY `id` int(10) UNSIGNED NOT NULL AUTO_INCREMENT, AUTO_INCREMENT=301;

--
-- AUTO_INCREMENT for table `users`
--
ALTER TABLE `users`
  MODIFY `id` int(10) UNSIGNED NOT NULL AUTO_INCREMENT;

--
-- Constraints for dumped tables
--

--
-- Constraints for table `reviews`
--
ALTER TABLE `reviews`
  ADD CONSTRAINT `reviews_product_id_foreign` FOREIGN KEY (`product_id`) REFERENCES `products` (`id`) ON DELETE CASCADE;
COMMIT;

/*!40101 SET CHARACTER_SET_CLIENT=@OLD_CHARACTER_SET_CLIENT */;
/*!40101 SET CHARACTER_SET_RESULTS=@OLD_CHARACTER_SET_RESULTS */;
/*!40101 SET COLLATION_CONNECTION=@OLD_COLLATION_CONNECTION */;
